{
	"texture_size": [256, 256],
	"textures": {
		"0": "dnd:entity/fossil/ankylosaurus"
	},
	"elements": [
		{
			"from": [4, 0.03593, 7.04932],
			"to": [14, 9.03593, 17.04932],
			"rotation": {"angle": 0, "axis": "x", "origin": [9, 15.53594, -11.53402]},
			"faces": {
				"north": {"uv": [4, 5, 4.625, 5.5625], "texture": "#0", "tintindex": 0},
				"east": {"uv": [3.375, 5, 4, 5.5625], "texture": "#0", "tintindex": 0},
				"south": {"uv": [5.25, 5, 5.875, 5.5625], "texture": "#0", "tintindex": 0},
				"west": {"uv": [4.625, 5, 5.25, 5.5625], "texture": "#0", "tintindex": 0},
				"up": {"uv": [4.625, 5, 4, 4.375], "texture": "#0", "tintindex": 0},
				"down": {"uv": [5.25, 4.375, 4.625, 5], "texture": "#0", "tintindex": 0}
			}
		},
		{
			"from": [14, 9.03593, 17.04932],
			"to": [4, 0.03593, 7.04932],
			"rotation": {"angle": 0, "axis": "x", "origin": [9, 15.53594, -11.53402]},
			"faces": {
				"north": {"uv": [4, 5, 4.625, 5.5625], "texture": "#0", "tintindex": 0},
				"east": {"uv": [3.4375, 5, 4.0625, 5.5625], "rotation": 180, "texture": "#0", "tintindex": 0},
				"south": {"uv": [5.25, 5, 5.875, 5.5625], "texture": "#0", "tintindex": 0},
				"west": {"uv": [4.5625, 5, 5.1875, 5.5625], "rotation": 180, "texture": "#0", "tintindex": 0},
				"up": {"uv": [5.25, 5, 4.625, 4.375], "rotation": 180, "texture": "#0", "tintindex": 0},
				"down": {"uv": [4.625, 4.375, 4, 5], "texture": "#0", "tintindex": 0}
			}
		},
		{
			"from": [5, 0.03594, -2],
			"to": [13, 9.03594, 7],
			"rotation": {"angle": 0, "axis": "x", "origin": [9, 15.53594, -11.53402]},
			"faces": {
				"north": {"uv": [10.125, 0.5625, 10.625, 1.125], "texture": "#0", "tintindex": 0},
				"east": {"uv": [9.5625, 0.5625, 10.125, 1.125], "texture": "#0", "tintindex": 0},
				"south": {"uv": [11.1875, 0.5625, 11.6875, 1.125], "texture": "#0", "tintindex": 0},
				"west": {"uv": [10.625, 0.5625, 11.1875, 1.125], "texture": "#0", "tintindex": 0},
				"up": {"uv": [10.625, 0.5625, 10.125, 0], "texture": "#0", "tintindex": 0},
				"down": {"uv": [11.125, 0, 10.625, 0.5625], "texture": "#0", "tintindex": 0}
			}
		},
		{
			"from": [3, 7.03594, 6.04931],
			"to": [6, 10.03594, 9.04931],
			"shade": false,
			"rotation": {"angle": 0, "axis": "x", "origin": [9, 15.53594, -11.53402]},
			"faces": {
				"north": {"uv": [2, 0.1875, 1.8125, 0.375], "texture": "#0", "tintindex": 0},
				"east": {"uv": [2.1875, 0.1875, 2, 0.375], "texture": "#0", "tintindex": 0},
				"south": {"uv": [2.375, 0.1875, 2.1875, 0.375], "texture": "#0", "tintindex": 0},
				"west": {"uv": [1.8125, 0.1875, 1.625, 0.375], "texture": "#0", "tintindex": 0},
				"up": {"uv": [1.8125, 0.1875, 2, 0], "texture": "#0", "tintindex": 0},
				"down": {"uv": [2, 0, 2.1875, 0.1875], "texture": "#0", "tintindex": 0}
			}
		},
		{
			"from": [3, -0.96406, 6.04931],
			"to": [6, 2.03594, 9.04931],
			"shade": false,
			"rotation": {"angle": 0, "axis": "x", "origin": [9, 15.53594, -11.53402]},
			"faces": {
				"north": {"uv": [2, 0.1875, 1.8125, 0.375], "texture": "#0", "tintindex": 0},
				"east": {"uv": [2.1875, 0.1875, 2, 0.375], "texture": "#0", "tintindex": 0},
				"south": {"uv": [2.375, 0.1875, 2.1875, 0.375], "texture": "#0", "tintindex": 0},
				"west": {"uv": [1.8125, 0.1875, 1.625, 0.375], "texture": "#0", "tintindex": 0},
				"up": {"uv": [1.8125, 0.1875, 2, 0], "texture": "#0", "tintindex": 0},
				"down": {"uv": [2, 0, 2.1875, 0.1875], "texture": "#0", "tintindex": 0}
			}
		},
		{
			"from": [12, -0.96406, 6.04931],
			"to": [15, 2.03594, 9.04931],
			"rotation": {"angle": 0, "axis": "x", "origin": [9, 15.53594, -11.53402]},
			"faces": {
				"north": {"uv": [1.8125, 0.1875, 2, 0.375], "texture": "#0", "tintindex": 0},
				"east": {"uv": [1.625, 0.1875, 1.8125, 0.375], "texture": "#0", "tintindex": 0},
				"south": {"uv": [2.1875, 0.1875, 2.375, 0.375], "texture": "#0", "tintindex": 0},
				"west": {"uv": [2, 0.1875, 2.1875, 0.375], "texture": "#0", "tintindex": 0},
				"up": {"uv": [2, 0.1875, 1.8125, 0], "texture": "#0", "tintindex": 0},
				"down": {"uv": [2.1875, 0, 2, 0.1875], "texture": "#0", "tintindex": 0}
			}
		},
		{
			"from": [12, 7.03594, 6.04931],
			"to": [15, 10.03594, 9.04931],
			"rotation": {"angle": 0, "axis": "x", "origin": [9, 15.53594, -11.53402]},
			"faces": {
				"north": {"uv": [1.8125, 0.1875, 2, 0.375], "texture": "#0", "tintindex": 0},
				"east": {"uv": [1.625, 0.1875, 1.8125, 0.375], "texture": "#0", "tintindex": 0},
				"south": {"uv": [2.1875, 0.1875, 2.375, 0.375], "texture": "#0", "tintindex": 0},
				"west": {"uv": [2, 0.1875, 2.1875, 0.375], "texture": "#0", "tintindex": 0},
				"up": {"uv": [2, 0.1875, 1.8125, 0], "texture": "#0", "tintindex": 0},
				"down": {"uv": [2.1875, 0, 2, 0.1875], "texture": "#0", "tintindex": 0}
			}
		}
	],
	"display": {
		"ground": {
			"rotation": [-180, 0, -180],
			"translation": [0, -9.5, -5]
		},
		"head": {
			"translation": [0, -31, 0],
			"scale": [1.6, 1.6, 1.6]
		}
	},
	"groups": [
		{
			"name": "Entire",
			"origin": [0, 0, 0],
			"color": 0,
			"children": [
				{
					"name": "Body",
					"origin": [0, 0, 0],
					"color": 0,
					"children": []
				},
				{
					"name": "Head",
					"origin": [0, 0, 0],
					"color": 0,
					"children": [0, 1, 2, 3, 4, 5, 6]
				},
				{
					"name": "Limbs",
					"origin": [0, 0, 0],
					"color": 0,
					"children": []
				}
			]
		}
	]
}
