{
	"texture_size": [256, 256],
	"textures": {
		"0": "dnd:entity/fossil/corythosaurus"
	},
	"elements": [
		{
			"from": [-1.81818, 5, -13],
			"to": [18.18182, 30, 27],
			"rotation": {"angle": 22.5, "axis": "x", "origin": [8.18182, 9.38182, 7.95455]},
			"faces": {
				"north": {"uv": [2.5, 2.5, 3.75, 4.0625], "texture": "#0", "tintindex": 0},
				"east": {"uv": [0, 2.5, 2.5, 4.0625], "texture": "#0", "tintindex": 0},
				"south": {"uv": [6.25, 2.5, 7.5, 4.0625], "texture": "#0", "tintindex": 0},
				"west": {"uv": [3.75, 2.5, 6.25, 4.0625], "texture": "#0", "tintindex": 0},
				"up": {"uv": [3.75, 2.5, 2.5, 0], "texture": "#0", "tintindex": 0},
				"down": {"uv": [5, 0, 3.75, 2.5], "texture": "#0", "tintindex": 0}
			}
		},
		{
			"from": [1.18182, 8.52976, -5.52809],
			"to": [15.18182, 22.52976, 23.47191],
			"rotation": {"angle": 22.5, "axis": "x", "origin": [8.18182, -75.61818, 7.95455]},
			"faces": {
				"north": {"uv": [1.8125, 5.875, 2.6875, 6.75], "texture": "#0", "tintindex": 0},
				"east": {"uv": [0, 5.875, 1.8125, 6.75], "texture": "#0", "tintindex": 0},
				"south": {"uv": [4.5, 5.875, 5.375, 6.75], "texture": "#0", "tintindex": 0},
				"west": {"uv": [2.6875, 5.875, 4.5, 6.75], "texture": "#0", "tintindex": 0},
				"up": {"uv": [2.6875, 5.875, 1.8125, 4.0625], "texture": "#0", "tintindex": 0},
				"down": {"uv": [3.5625, 4.0625, 2.6875, 5.875], "texture": "#0", "tintindex": 0}
			}
		},
		{
			"from": [4.18182, 7.4104, -3.38241],
			"to": [12.18182, 17.4104, 21.61759],
			"rotation": {"angle": 22.5, "axis": "x", "origin": [11.18182, -145.18074, 4.88211]},
			"faces": {
				"north": {"uv": [6.5625, 1.5625, 7.0625, 2.1875], "texture": "#0", "tintindex": 0},
				"east": {"uv": [5, 1.5625, 6.5625, 2.1875], "texture": "#0", "tintindex": 0},
				"south": {"uv": [8.625, 1.5625, 9.125, 2.1875], "texture": "#0", "tintindex": 0},
				"west": {"uv": [7.0625, 1.5625, 8.625, 2.1875], "texture": "#0", "tintindex": 0},
				"up": {"uv": [7.0625, 1.5625, 6.5625, 0], "texture": "#0", "tintindex": 0},
				"down": {"uv": [7.5625, 0, 7.0625, 1.5625], "texture": "#0", "tintindex": 0}
			}
		},
		{
			"from": [-1.81818, 30, -13],
			"to": [18.18182, 5, 27],
			"rotation": {"angle": 22.5, "axis": "x", "origin": [8.18182, 9.38182, 7.95455]},
			"faces": {
				"north": {"uv": [2.5, 2.5, 3.75, 4.0625], "rotation": 180, "texture": "#0", "tintindex": 0},
				"east": {"uv": [3.75, 2.5, 6.25, 4.0625], "rotation": 180, "texture": "#0", "tintindex": 0},
				"south": {"uv": [6.25, 2.5, 7.5, 4.0625], "rotation": 180, "texture": "#0", "tintindex": 0},
				"west": {"uv": [0, 2.5, 2.5, 4.0625], "rotation": 180, "texture": "#0", "tintindex": 0},
				"up": {"uv": [5, 2.5, 3.75, 0], "texture": "#0", "tintindex": 0},
				"down": {"uv": [3.75, 0, 2.5, 2.5], "texture": "#0", "tintindex": 0}
			}
		},
		{
			"from": [1.18182, 22.52976, -5.52809],
			"to": [15.18182, 8.52976, 23.47191],
			"rotation": {"angle": 22.5, "axis": "x", "origin": [8.18182, -75.61818, 7.95455]},
			"faces": {
				"north": {"uv": [1.8125, 5.875, 2.6875, 6.75], "rotation": 90, "texture": "#0", "tintindex": 0},
				"east": {"uv": [2.6875, 5.875, 4.5, 6.75], "rotation": 180, "texture": "#0", "tintindex": 0},
				"south": {"uv": [4.5, 5.875, 5.375, 6.75], "rotation": 180, "texture": "#0", "tintindex": 0},
				"west": {"uv": [0, 5.875, 1.8125, 6.75], "rotation": 180, "texture": "#0", "tintindex": 0},
				"up": {"uv": [3.5625, 5.875, 2.6875, 4.0625], "texture": "#0", "tintindex": 0},
				"down": {"uv": [2.6875, 4.0625, 1.8125, 5.875], "texture": "#0", "tintindex": 0}
			}
		},
		{
			"from": [4.18182, 17.4104, -3.38241],
			"to": [12.18182, 7.4104, 21.61759],
			"rotation": {"angle": 22.5, "axis": "x", "origin": [11.18182, -145.18074, 4.88211]},
			"faces": {
				"north": {"uv": [6.5625, 1.5625, 7.0625, 2.1875], "rotation": 180, "texture": "#0", "tintindex": 0},
				"east": {"uv": [5, 1.5625, 6.5625, 2.1875], "texture": "#0", "tintindex": 0},
				"south": {"uv": [8.625, 1.5625, 9.125, 2.1875], "rotation": 180, "texture": "#0", "tintindex": 0},
				"west": {"uv": [7.0625, 1.5625, 8.625, 2.1875], "texture": "#0", "tintindex": 0},
				"up": {"uv": [7.5625, 1.5625, 7.0625, 0], "texture": "#0", "tintindex": 0},
				"down": {"uv": [7.0625, 0, 6.5625, 1.5625], "texture": "#0", "tintindex": 0}
			}
		},
		{
			"from": [4.18182, 11.68613, 3.35057],
			"to": [12.18182, 22.78613, 15.35057],
			"rotation": {"angle": 45, "axis": "x", "origin": [8.18182, 52.38182, 7.95455]},
			"faces": {
				"north": {"uv": [0.75, 7.5, 1.25, 8.1875], "texture": "#0", "tintindex": 0},
				"east": {"uv": [0, 7.5, 0.75, 8.1875], "texture": "#0", "tintindex": 0},
				"south": {"uv": [2, 7.5, 2.5, 8.1875], "texture": "#0", "tintindex": 0},
				"west": {"uv": [1.25, 7.5, 2, 8.1875], "texture": "#0", "tintindex": 0},
				"up": {"uv": [1.25, 7.5, 0.75, 6.75], "texture": "#0", "tintindex": 0},
				"down": {"uv": [1.75, 6.75, 1.25, 7.5], "texture": "#0", "tintindex": 0}
			}
		},
		{
			"from": [5.18182, 5.0409, -5.19396],
			"to": [11.18182, 18.1409, 5.80604],
			"rotation": {"angle": 22.5, "axis": "x", "origin": [8.18182, 80.38182, 43.95455]},
			"faces": {
				"north": {"uv": [4.25, 4.75, 4.625, 5.5625], "texture": "#0", "tintindex": 0},
				"east": {"uv": [3.5625, 4.75, 4.25, 5.5625], "texture": "#0", "tintindex": 0},
				"south": {"uv": [5.3125, 4.75, 5.6875, 5.5625], "texture": "#0", "tintindex": 0},
				"west": {"uv": [4.625, 4.75, 5.3125, 5.5625], "texture": "#0", "tintindex": 0},
				"up": {"uv": [4.625, 4.75, 4.25, 4.0625], "texture": "#0", "tintindex": 0},
				"down": {"uv": [5, 4.0625, 4.625, 4.75], "texture": "#0", "tintindex": 0}
			}
		},
		{
			"from": [5.18182, 18.1409, -5.19396],
			"to": [11.18182, 5.0409, 5.80604],
			"rotation": {"angle": 22.5, "axis": "x", "origin": [8.18182, 80.38182, 43.95455]},
			"faces": {
				"north": {"uv": [4.25, 4.75, 4.625, 5.5625], "rotation": 180, "texture": "#0", "tintindex": 0},
				"east": {"uv": [4.625, 4.75, 5.3125, 5.5625], "rotation": 180, "texture": "#0", "tintindex": 0},
				"south": {"uv": [5.3125, 4.75, 5.6875, 5.5625], "rotation": 180, "texture": "#0", "tintindex": 0},
				"west": {"uv": [3.5625, 4.75, 4.25, 5.5625], "rotation": 180, "texture": "#0", "tintindex": 0},
				"up": {"uv": [5, 4.75, 4.625, 4.0625], "texture": "#0", "tintindex": 0},
				"down": {"uv": [4.625, 4.0625, 4.25, 4.75], "texture": "#0", "tintindex": 0}
			}
		},
		{
			"from": [4.18182, 22.76113, 3.35057],
			"to": [12.18182, 11.66113, 15.35057],
			"rotation": {"angle": 45, "axis": "x", "origin": [8.18182, 52.38182, 7.95455]},
			"faces": {
				"north": {"uv": [0.75, 7.5, 1.25, 8.1875], "texture": "#0", "tintindex": 0},
				"east": {"uv": [0, 7.5, 0.75, 8.1875], "texture": "#0", "tintindex": 0},
				"south": {"uv": [2, 7.5, 2.5, 8.1875], "texture": "#0", "tintindex": 0},
				"west": {"uv": [1.25, 7.5, 2, 8.1875], "texture": "#0", "tintindex": 0},
				"up": {"uv": [1.75, 7.5, 1.25, 6.75], "texture": "#0", "tintindex": 0},
				"down": {"uv": [1.25, 6.75, 0.75, 7.5], "texture": "#0", "tintindex": 0}
			}
		},
		{
			"from": [6.18182, 12.0409, -10.19396],
			"to": [10.18182, 18.1409, -5.19396],
			"rotation": {"angle": 22.5, "axis": "x", "origin": [8.18182, 80.38182, 43.95455]},
			"faces": {
				"north": {"uv": [5.3125, 1.1875, 5.5625, 1.5625], "texture": "#0", "tintindex": 0},
				"east": {"uv": [5, 1.1875, 5.3125, 1.5625], "texture": "#0", "tintindex": 0},
				"south": {"uv": [5.875, 1.1875, 6.125, 1.5625], "texture": "#0", "tintindex": 0},
				"west": {"uv": [5.5625, 1.1875, 5.875, 1.5625], "texture": "#0", "tintindex": 0},
				"up": {"uv": [5.5625, 1.1875, 5.3125, 0.875], "texture": "#0", "tintindex": 0},
				"down": {"uv": [5.8125, 0.875, 5.5625, 1.1875], "texture": "#0", "tintindex": 0}
			}
		},
		{
			"from": [7.18182, 17.79805, -4.19396],
			"to": [9.18182, 22.89805, 2.80604],
			"rotation": {"angle": 22.5, "axis": "x", "origin": [8.18182, 80.38182, 43.95455]},