{
	"texture_size": [48, 48],
	"textures": {
		"0": "dnd:entity/fossil/dodo",
		"particle": "dnd:entity/fossil/dodo"
	},
	"elements": [
		{
			"from": [5.49, -3.01, 5.99],
			"to": [10.51, 6.01, 11.01],
			"rotation": {"angle": 0, "axis": "y", "origin": [8, 8.5, 5]},
			"faces": {
				"north": {"uv": [1.66667, 7.33333, 3.33333, 10.33333], "texture": "#0", "tintindex": 0},
				"east": {"uv": [0, 7.33333, 1.66667, 10.33333], "texture": "#0", "tintindex": 0},
				"south": {"uv": [5, 7.33333, 6.66667, 10.33333], "texture": "#0", "tintindex": 0},
				"west": {"uv": [3.33333, 7.33333, 5, 10.33333], "texture": "#0", "tintindex": 0},
				"up": {"uv": [3.33333, 7.33333, 1.66667, 5.66667], "texture": "#0", "tintindex": 0},
				"down": {"uv": [5, 5.66667, 3.33333, 7.33333], "texture": "#0", "tintindex": 0}
			}
		},
		{
			"from": [5.49, 5.99, 5.99],
			"to": [10.51, -3.03, 11.01],
			"rotation": {"angle": 0, "axis": "y", "origin": [8, 8.5, 5]},
			"faces": {
				"north": {"uv": [1.66667, 7.33333, 3.33333, 10.33333], "rotation": 180, "texture": "#0", "tintindex": 0},
				"east": {"uv": [3.33333, 7.33333, 5, 10.33333], "rotation": 180, "texture": "#0", "tintindex": 0},
				"south": {"uv": [5, 7.33333, 6.66667, 10.33333], "rotation": 180, "texture": "#0", "tintindex": 0},
				"west": {"uv": [0, 7.33333, 1.66667, 10.33333], "rotation": 180, "texture": "#0", "tintindex": 0},
				"up": {"uv": [5, 7.33333, 3.33334, 5.66667], "texture": "#0", "tintindex": 0},
				"down": {"uv": [3.33333, 5.66667, 1.66666, 7.33333], "texture": "#0", "tintindex": 0}
			}
		},
		{
			"from": [6.49, 0.99, 2.99],
			"to": [9.51, 4.01, 6.01],
			"rotation": {"angle": 0, "axis": "y", "origin": [8, 8.5, 5]},
			"faces": {
				"north": {"uv": [9.33333, 1, 10.33333, 2], "texture": "#0", "tintindex": 0},
				"east": {"uv": [8.33333, 1, 9.33333, 2], "texture": "#0", "tintindex": 0},
				"south": {"uv": [11.33333, 1, 12.33333, 2], "texture": "#0", "tintindex": 0},
				"west": {"uv": [10.33333, 1, 11.33333, 2], "texture": "#0", "tintindex": 0},
				"up": {"uv": [10.33333, 1, 9.33333, 0], "texture": "#0", "tintindex": 0},
				"down": {"uv": [11.33333, 0, 10.33333, 1], "texture": "#0", "tintindex": 0}
			}
		},
		{
			"from": [6.49, -0.01, 2.99],
			"to": [9.51, 1.01, 4.01],
			"rotation": {"angle": 0, "axis": "y", "origin": [8, 8.5, 5]},
			"faces": {
				"north": {"uv": [0.33333, 0.33333, 1.33333, 0.66667], "texture": "#0", "tintindex": 0},
				"east": {"uv": [0, 0.33333, 0.33333, 0.66667], "texture": "#0", "tintindex": 0},
				"south": {"uv": [1.66667, 0.33333, 2.66667, 0.66667], "texture": "#0", "tintindex": 0},
				"west": {"uv": [1.33333, 0.33333, 1.66667, 0.66667], "texture": "#0", "tintindex": 0},
				"up": {"uv": [1.33333, 0.33333, 0.33333, 0], "texture": "#0", "tintindex": 0},
				"down": {"uv": [2.33333, 0, 1.33333, 0.33333], "texture": "#0", "tintindex": 0}
			}
		}
	],
	"display": {
		"ground": {
			"rotation": [-180, 0, -180],
			"translation": [0, -9.5, -6.25]
		},
		"head": {
			"translation": [0, -32.5, 0],
			"scale": [1.6, 1.6, 1.6]
		}
	},
	"groups": [
		{
			"name": "Entire",
			"origin": [8, 8, 8],
			"color": 0,
			"children": [
				{
					"name": "Body",
					"origin": [8, 8, 8],
					"color": 0,
					"children": []
				},
				{
					"name": "Head",
					"origin": [8, 8, 8],
					"color": 0,
					"children": [0, 1, 2, 3]
				},
				{
					"name": "Limbs",
					"origin": [8, 8, 8],
					"color": 0,
					"children": []
				}
			]
		}
	]
}
