{
	"texture_size": [256, 256],
	"textures": {
		"0": "dnd:entity/fossil/gigantopithecus"
	},
	"elements": [
		{
			"from": [3.75, 16.5, -2.47222],
			"to": [12.25, 24.5, 5.02778],
			"rotation": {"angle": 0, "axis": "y", "origin": [8, 26.75, 11.52778]},
			"faces": {
				"north": {"uv": [3.8125, 4.375, 4.875, 5.375], "texture": "#0", "tintindex": 0},
				"east": {"uv": [2.875, 4.375, 3.8125, 5.375], "texture": "#0", "tintindex": 0},
				"south": {"uv": [5.8125, 4.375, 6.875, 5.375], "texture": "#0", "tintindex": 0},
				"west": {"uv": [4.875, 4.375, 5.8125, 5.375], "texture": "#0", "tintindex": 0},
				"up": {"uv": [4.875, 4.375, 3.8125, 3.4375], "texture": "#0", "tintindex": 0},
				"down": {"uv": [5.9375, 3.4375, 4.875, 4.375], "texture": "#0", "tintindex": 0}
			}
		},
		{
			"from": [6.25, 16.5, -3.97222],
			"to": [9.75, 19.5, -2.47222],
			"rotation": {"angle": 0, "axis": "y", "origin": [8, 26.75, 11.52778]},
			"faces": {
				"north": {"uv": [2.3125, 3.625, 2.75, 4], "texture": "#0", "tintindex": 0},
				"east": {"uv": [2.125, 3.625, 2.3125, 4], "texture": "#0", "tintindex": 0},
				"south": {"uv": [2.9375, 3.625, 3.375, 4], "texture": "#0", "tintindex": 0},
				"west": {"uv": [2.75, 3.625, 2.9375, 4], "texture": "#0", "tintindex": 0},
				"up": {"uv": [2.75, 3.625, 2.3125, 3.4375], "texture": "#0", "tintindex": 0},
				"down": {"uv": [3.1875, 3.4375, 2.75, 3.625], "texture": "#0", "tintindex": 0}
			}
		},
		{
			"from": [1.25, 5.5, 9.52778],
			"to": [14.75, 23.5, 19.02778],
			"rotation": {"angle": -45, "axis": "x", "origin": [8, 5.5, 14.27778]},
			"faces": {
				"north": {"uv": [1.1875, 1.1875, 2.875, 3.4375], "texture": "#0", "tintindex": 0},
				"east": {"uv": [0, 1.1875, 1.1875, 3.4375], "texture": "#0", "tintindex": 0},
				"south": {"uv": [4.0625, 1.1875, 5.75, 3.4375], "texture": "#0", "tintindex": 0},
				"west": {"uv": [2.875, 1.1875, 4.0625, 3.4375], "texture": "#0", "tintindex": 0},
				"up": {"uv": [2.875, 1.1875, 1.1875, 0], "texture": "#0", "tintindex": 0},
				"down": {"uv": [4.5625, 0, 2.875, 1.1875], "texture": "#0", "tintindex": 0}
			}
		},
		{
			"name": "cube inverted",
			"from": [14.75, 23.5, 19.02778],
			"to": [1.25, 5.5, 9.52778],
			"rotation": {"angle": -45, "axis": "x", "origin": [8, 5.5, 14.27778]},
			"faces": {
				"north": {"uv": [4.0625, 3.4375, 5.75, 1.1875], "texture": "#0", "tintindex": 0},
				"east": {"uv": [2.875, 3.4375, 4.0625, 1.1875], "texture": "#0", "tintindex": 0},
				"south": {"uv": [1.1875, 3.4375, 2.875, 1.1875], "texture": "#0", "tintindex": 0},
				"west": {"uv": [0, 3.4375, 1.1875, 1.1875], "texture": "#0", "tintindex": 0},
				"up": {"uv": [2.875, 0, 4.5625, 1.1875], "texture": "#0", "tintindex": 0},
				"down": {"uv": [1.1875, 1.1875, 2.875, 0], "texture": "#0", "tintindex": 0}
			}
		},
		{
			"from": [13, 0, -0.22222],
			"to": [19, 18, 5.27778],
			"rotation": {"angle": 0, "axis": "y", "origin": [15, 22.5, 14.02778]},
			"faces": {
				"north": {"uv": [0, 4.1875, 0.75, 6.4375], "texture": "#0", "tintindex": 0},
				"east": {"uv": [2.1875, 4.1875, 2.875, 6.4375], "texture": "#0", "tintindex": 0},
				"south": {"uv": [1.4375, 4.1875, 2.1875, 6.4375], "texture": "#0", "tintindex": 0},
				"west": {"uv": [0.75, 4.1875, 1.4375, 6.4375], "texture": "#0", "tintindex": 0},
				"up": {"uv": [1.4375, 4.1875, 0.75, 3.4375], "rotation": 270, "texture": "#0", "tintindex": 0},
				"down": {"uv": [2.125, 3.4375, 1.4375, 4.1875], "rotation": 90, "texture": "#0", "tintindex": 0}
			}
		},
		{
			"from": [-3, 0, -0.22222],
			"to": [3, 18, 5.27778],
			"shade": false,
			"rotation": {"angle": 0, "axis": "y", "origin": [1, 22.5, 14.02778]},
			"faces": {
				"north": {"uv": [0.75, 4.1875, 0, 6.4375], "texture": "#0", "tintindex": 0},
				"east": {"uv": [1.4375, 4.1875, 0.75, 6.4375], "texture": "#0", "tintindex": 0},
				"south": {"uv": [2.1875, 4.1875, 1.4375, 6.4375], "texture": "#0", "tintindex": 0},
				"west": {"uv": [2.875, 4.1875, 2.1875, 6.4375], "texture": "#0", "tintindex": 0},
				"up": {"uv": [0.75, 4.1875, 1.4375, 3.4375], "rotation": 90, "texture": "#0", "tintindex": 0},
				"down": {"uv": [1.4375, 3.4375, 2.125, 4.1875], "rotation": 270, "texture": "#0", "tintindex": 0}
			}
		},
		{
			"from": [1.275, 0, 11.52778],
			"to": [6.775, 5.5, 17.02778],
			"shade": false,
			"rotation": {"angle": 0, "axis": "y", "origin": [4, 5.75, 14.27778]},
			"faces": {
				"north": {"uv": [7.125, 0.6875, 6.4375, 1.375], "texture": "#0", "tintindex": 0},
				"east": {"uv": [7.8125, 0.6875, 7.125, 1.375], "texture": "#0", "tintindex": 0},
				"south": {"uv": [8.5, 0.6875, 7.8125, 1.375], "texture": "#0", "tintindex": 0},
				"west": {"uv": [6.4375, 0.6875, 5.75, 1.375], "texture": "#0", "tintindex": 0},
				"up": {"uv": [6.4375, 0.6875, 7.125, 0], "texture": "#0", "tintindex": 0},
				"down": {"uv": [7.125, 0, 7.8125, 0.6875], "texture": "#0", "tintindex": 0}
			}
		},
		{
			"from": [9.225, 0, 11.52778],
			"to": [14.725, 5.5, 17.02778],
			"rotation": {"angle": 0, "axis": "y", "origin": [12, 5.75, 14.27778]},
			"faces": {
				"north": {"uv": [6.4375, 0.6875, 7.125, 1.375], "texture": "#0", "tintindex": 0},
				"east": {"uv": [5.75, 0.6875, 6.4375, 1.375], "texture": "#0", "tintindex": 0},
				"south": {"uv": [7.8125, 0.6875, 8.5, 1.375], "texture": "#0", "tintindex": 0},
				"west": {"uv": [7.125, 0.6875, 7.8125, 1.375], "texture": "#0", "tintindex": 0},
				"up": {"uv": [7.125, 0.6875, 6.4375, 0], "texture": "#0", "tintindex": 0},
				"down": {"uv": [7.8125, 0, 7.125, 0.6875], "texture": "#0", "tintindex": 0}
			}
		},
		{
			"name": "cube inverted",
			"from": [3, 18, 5.27778],
			"to": [-3, 0, -0.22222],
			"shade": false,
			"rotation": {"angle": 0, "axis": "y", "origin": [1, 22.5, 14.02778]},
			"faces": {
				"north": {"uv": [2.1875, 6.4375, 1.4375, 4.1875], "texture": "#0", "tintindex": 0},
				"east": {"uv": [2.875, 6.4375, 2.1875, 4.1875], "texture": "#0", "tintindex": 0},
				"south": {"uv": [0.75, 6.4375, 0, 4.1875], "texture": "#0", "tintindex": 0},
				"west": {"uv": [1.4375, 6.4375, 0.75, 4.1875], "texture": "#0", "tintindex": 0},
				"up": {"uv": [1.4375, 4.1875, 2.125, 3.4375], "rotation": 270, "texture": "#0", "tintindex": 0},
				"down": {"uv": [0.75, 3.4375, 1.4375, 4.1875], "rotation": 90, "texture": "#0", "tintindex": 0}
			}
		},
		{
			"name": "cube inverted",
			"from": [19, 18, 5.27778],
			"to": [13, 0, -0.22222],
			"rotation": {"angle": 0, "axis": "y", "origin": [15, 22.5, 14.02778]},
			"faces": {
				"north": {"uv": [1.4375, 6.4375, 2.1875, 4.1875], "texture": "#0", "tintindex": 0},
				"east": {"uv": [0.75, 6.4375, 1.4375, 4.1875], "texture": "#0", "tintindex": 0},
				"south": {"uv": [0, 6.4375, 0.75, 4.1875], "texture": "#0", "tintindex": 0},
				"west": {"uv": [2.1875, 6.4375, 2.875, 4.1875], "texture": "#0", "tintindex": 0},
				"up": {"uv": [2.125, 4.1875, 1.4375, 3.4375], "rotation": 90, "texture": "#0", "tintindex": 0},
				"down": {"uv": [1.4375, 3.4375, 0.75, 4.1875], "rotation": 270, "texture": "#0", "tintindex": 0}
			}
		},
		{
			"name": "cube inverted",
			"from": [6.775, 5.5, 17.02778],
			"to": [1.275, 0, 11.52778],
			"shade": false,
			"rotation": {"angle": 0, "axis": "y", "origin": [4, 5.75, 14.27778]},
			"faces": {
				"north": {"uv": [8.5, 1.375, 7.8125, 0.6875], "texture": "#0", "tintindex": 0},
				"east": {"uv": [6.4375, 1.375, 5.75, 0.6875], "texture": "#0", "tintindex": 0},
				"south": {"uv": [7.125, 1.375, 6.4375, 0.6875], "texture": "#0", "tintindex": 0},
				"west": {"uv": [7.8125, 1.375, 7.125, 0.6875], "texture": "#0", "tintindex": 0},
				"up": {"uv": [7.8125, 0, 7.125, 0.6875], "texture": "#0", "tintindex": 0},
				"down": {"uv": [7.125, 0.6875, 6.4375, 0], "texture": "#0", "tintindex": 0}
			}
		},
		{
			"name": "cube inverted",
			"from": [14.725, 5.5, 17.02778],
			"to": [9.225, 0, 11.52778],
			"rotation": {"angle": 0, "axis": "y", "origin": [12, 5.75, 14.27778]},
			"faces": {
				"north": {"uv": [7.8125, 1.375, 8.5, 0.6875],