{
	"texture_size": [256, 256],
	"textures": {
		"0": "dnd:entity/fossil/triceratops"
	},
	"elements": [
		{
			"from": [3.75, 6.62892, -6.13879],
			"to": [12.25, 17.12892, 6.36121],
			"rotation": {"angle": -22.5, "axis": "x", "origin": [8, -9.0916, -20.2988]},
			"faces": {
				"north": {"uv": [1.5625, 6.6875, 2.625, 8], "texture": "#0", "tintindex": 0},
				"east": {"uv": [0, 6.6875, 1.5625, 8], "texture": "#0", "tintindex": 0},
				"south": {"uv": [4.1875, 6.6875, 5.25, 8], "texture": "#0", "tintindex": 0},
				"west": {"uv": [2.625, 6.6875, 4.1875, 8], "texture": "#0", "tintindex": 0},
				"up": {"uv": [2.625, 6.6875, 1.5625, 5.125], "texture": "#0", "tintindex": 0},
				"down": {"uv": [3.6875, 5.125, 2.625, 6.6875], "texture": "#0", "tintindex": 0}
			}
		},
		{
			"from": [2.25, 17.12892, -6.13879],
			"to": [13.75, 26.62892, -4.13879],
			"rotation": {"angle": -22.5, "axis": "x", "origin": [8, -9.0916, -20.2988]},
			"faces": {
				"north": {"uv": [7.3125, 7.4375, 8.75, 8.625], "texture": "#0", "tintindex": 0},
				"east": {"uv": [7.0625, 7.4375, 7.3125, 8.625], "texture": "#0", "tintindex": 0},
				"south": {"uv": [9, 7.4375, 10.4375, 8.625], "texture": "#0", "tintindex": 0},
				"west": {"uv": [8.75, 7.4375, 9, 8.625], "texture": "#0", "tintindex": 0},
				"up": {"uv": [8.75, 7.4375, 7.3125, 7.1875], "texture": "#0", "tintindex": 0},
				"down": {"uv": [10.1875, 7.1875, 8.75, 7.4375], "texture": "#0", "tintindex": 0}
			}
		},
		{
			"from": [3.75, 13.49969, -15.51091],
			"to": [6.25, 15.99969, -6.51091],
			"rotation": {"angle": -22.5, "axis": "x", "origin": [8, -8.22083, -20.80971]},
			"faces": {
				"north": {"uv": [5.25, 8.3125, 5.5625, 8.625], "texture": "#0", "tintindex": 0},
				"east": {"uv": [4.125, 8.3125, 5.25, 8.625], "texture": "#0", "tintindex": 0},
				"south": {"uv": [6.6875, 8.3125, 7, 8.625], "texture": "#0", "tintindex": 0},
				"west": {"uv": [5.5625, 8.3125, 6.6875, 8.625], "texture": "#0", "tintindex": 0},
				"up": {"uv": [5.5625, 8.3125, 5.25, 7.1875], "texture": "#0", "tintindex": 0},
				"down": {"uv": [5.875, 7.1875, 5.5625, 8.3125], "texture": "#0", "tintindex": 0}
			}
		},
		{
			"from": [6.75, 6.62892, -7.63879],
			"to": [9.25, 9.12892, -6.13879],
			"rotation": {"angle": -22.5, "axis": "x", "origin": [8, -9.0916, -20.2988]},
			"faces": {
				"north": {"uv": [1.6875, 0.1875, 2, 0.5], "texture": "#0", "tintindex": 0},
				"east": {"uv": [1.5, 0.1875, 1.6875, 0.5], "texture": "#0", "tintindex": 0},
				"south": {"uv": [2.1875, 0.1875, 2.5, 0.5], "texture": "#0", "tintindex": 0},
				"west": {"uv": [2, 0.1875, 2.1875, 0.5], "texture": "#0", "tintindex": 0},
				"up": {"uv": [2, 0.1875, 1.6875, 0], "texture": "#0", "tintindex": 0},
				"down": {"uv": [2.3125, 0, 2, 0.1875], "texture": "#0", "tintindex": 0}
			}
		},
		{
			"from": [5.25, 4.62892, -6.13879],
			"to": [10.75, 6.62892, -0.63879],
			"rotation": {"angle": -22.5, "axis": "x", "origin": [8, -9.0916, -20.2988]},
			"faces": {
				"north": {"uv": [0.6875, 2.5625, 1.375, 2.8125], "texture": "#0", "tintindex": 0},
				"east": {"uv": [0, 2.5625, 0.6875, 2.8125], "texture": "#0", "tintindex": 0},
				"south": {"uv": [2.0625, 2.5625, 2.75, 2.8125], "texture": "#0", "tintindex": 0},
				"west": {"uv": [1.375, 2.5625, 2.0625, 2.8125], "texture": "#0", "tintindex": 0},
				"up": {"uv": [1.375, 2.5625, 0.6875, 1.875], "texture": "#0", "tintindex": 0},
				"down": {"uv": [2.0625, 1.875, 1.375, 2.5625], "texture": "#0", "tintindex": 0}
			}
		},
		{
			"from": [9.75, 13.49969, -15.51091],
			"to": [12.25, 15.99969, -6.51091],
			"rotation": {"angle": -22.5, "axis": "x", "origin": [8, -8.22083, -20.80971]},
			"faces": {
				"north": {"uv": [5.25, 8.3125, 5.5625, 8.625], "texture": "#0", "tintindex": 0},
				"east": {"uv": [4.125, 8.3125, 5.25, 8.625], "texture": "#0", "tintindex": 0},
				"south": {"uv": [6.6875, 8.3125, 7, 8.625], "texture": "#0", "tintindex": 0},
				"west": {"uv": [5.5625, 8.3125, 6.6875, 8.625], "texture": "#0", "tintindex": 0},
				"up": {"uv": [5.5625, 8.3125, 5.25, 7.1875], "texture": "#0", "tintindex": 0},
				"down": {"uv": [5.875, 7.1875, 5.5625, 8.3125], "texture": "#0", "tintindex": 0}
			}
		},
		{
			"from": [-0.75, 8, -8],
			"to": [16.75, 25.5, 15.5],
			"rotation": {"angle": 22.5, "axis": "x", "origin": [8, 14.125, 9.75]},
			"faces": {
				"north": {"uv": [2.9375, 2.9375, 5.125, 5.125], "texture": "#0", "tintindex": 0},
				"east": {"uv": [0, 2.9375, 2.9375, 5.125], "texture": "#0", "tintindex": 0},
				"south": {"uv": [8.0625, 2.9375, 10.25, 5.125], "texture": "#0", "tintindex": 0},
				"west": {"uv": [5.125, 2.9375, 8.0625, 5.125], "texture": "#0", "tintindex": 0},
				"up": {"uv": [5.125, 2.9375, 2.9375, 0], "texture": "#0", "tintindex": 0},
				"down": {"uv": [7.3125, 0, 5.125, 2.9375], "texture": "#0", "tintindex": 0}
			}
		},
		{
			"from": [3, 11, 15.5],
			"to": [13, 21, 22],
			"rotation": {"angle": 22.5, "axis": "x", "origin": [8, 14.125, 9.75]},
			"faces": {
				"north": {"uv": [6.0625, 5.9375, 7.3125, 7.1875], "texture": "#0", "tintindex": 0},
				"east": {"uv": [5.25, 5.9375, 6.0625, 7.1875], "texture": "#0", "tintindex": 0},
				"south": {"uv": [8.125, 5.9375, 9.375, 7.1875], "texture": "#0", "tintindex": 0},
				"west": {"uv": [7.3125, 5.9375, 8.125, 7.1875], "texture": "#0", "tintindex": 0},
				"up": {"uv": [7.3125, 5.9375, 6.0625, 5.125], "texture": "#0", "tintindex": 0},
				"down": {"uv": [8.5625, 5.125, 7.3125, 5.9375], "texture": "#0", "tintindex": 0}
			}
		},
		{
			"from": [5.75, 13.5, 22],
			"to": [10.25, 18, 32],
			"rotation": {"angle": 22.5, "axis": "x", "origin": [8, 14.125, 9.75]},
			"faces": {
				"north": {"uv": [1.25, 9.25, 1.8125, 9.8125], "texture": "#0", "tintindex": 0},
				"east": {"uv": [0, 9.25, 1.25, 9.8125], "texture": "#0", "tintindex": 0},
				"south": {"uv": [3.0625, 9.25, 3.625, 9.8125], "texture": "#0", "tintindex": 0},
				"west": {"uv": [1.8125, 9.25, 3.0625, 9.8125], "texture": "#0", "tintindex": 0},
				"up": {"uv": [1.8125, 9.25, 1.25, 8], "texture": "#0", "tintindex": 0},
				"down": {"uv": [2.375, 8, 1.8125, 9.25], "texture": "#0", "tintindex": 0}
			}
		},
		{
			"name": "cube inverted",
			"from": [16.75, 25.5, 15.5],
			"to": [-0.75, 8, -8],
			"rotation": {"angle": 22.5, "axis": "x", "origin": [8, 14.125, 9.75]},
			"faces": {
				"north": {"uv": [8.0625, 5.125, 10.25, 2.9375], "texture": "#0", "tintindex": 0},
				"east": {"uv": [5.125, 5.125, 8.0625, 2.9375], "texture": "#0", "tintindex": 0},
				"south": {"uv": [2.9375, 5.125, 5.125, 2.9375], "texture": "#0", "tintindex": 0},
				"west": {"uv": [0, 5.125, 2.9375, 2.9375], "texture": "#0", "tintindex": 0},
				"up": {"uv": [5.125, 0, 7.3125, 2.9375], "texture": "#0", "tintindex": 0},
				"down": {"uv": [2.9375, 2.9375, 5.125, 0], "texture": "#0", "tintindex": 0}
			}
		},
		{
			"name": "cube inverted",
			"from": [13, 21, 22],
			"to": [3, 11, 15.5],
			"rotation": {"angle": 22.5, "axis": "x", "origin": [8, 14.125, 9.75]},
			"faces": {
				"north": {"uv": [8.125, 7.1875, 9.375, 5.9375], "texture": "#0", "tintindex": 0},
				"east": {"uv": [7.3125, 7.1875, 8.125, 5.9375], "texture": "#0", "tintindex": 0},
				"south": {"uv": [6.0625, 7.1875, 7.3125, 5.9375], "texture": "#0", "tintindex": 0},
				"west": {"uv": [5.25, 7.1875, 6.0625, 5.9375], "texture": "#0", "tintindex": 0},
				"up": {"uv": [7.3125, 5.125, 8.5625, 5.9375], "texture": "#0", "tintindex": 0},
				"down": {"uv": [6.0625, 5.9375, 7.3125, 5.125], "texture": "#0", "tintindex": 0}
			}
		},
		{
			"name": "cube inverted",
			"from": [10.25, 18, 32],
			"to": [5.75, 13.5, 22],
			"rotation": {"angle": 22.5, "axis": "x", "origin": [8, 14.125, 9.75]},
			"faces": {
				"north": {"uv": [3.0625, 9.8125, 3.625, 9.25], "texture": "#0", "tintindex": 0},
				"east": {"uv": [1.8125, 9.8125, 3.0625, 9.25], "texture": "#0", "tintindex": 0},
				"south": {"uv": [1.25, 9.8125, 1.8125, 9.25], "texture": "#0", "tintindex": 0},