{
	"texture_size": [256, 256],
	"textures": {
		"0": "dnd:entity/fossil/triceratops"
	},
	"elements": [
		{
			"from": [3.75, -0.09285, 2.03612],
			"to": [12.25, 12.40715, 12.53612],
			"rotation": {"angle": 0, "axis": "x", "origin": [8, 15.19389, 1.43522]},
			"faces": {
				"north": {"uv": [3.6875, 5.125, 2.625, 6.6875], "rotation": 180, "texture": "#0", "tintindex": 0},
				"east": {"uv": [0, 6.6875, 1.5625, 8], "rotation": 270, "texture": "#0", "tintindex": 0},
				"south": {"uv": [2.625, 6.6875, 1.5625, 5.125], "texture": "#0", "tintindex": 0},
				"west": {"uv": [2.625, 6.6875, 4.1875, 8], "rotation": 90, "texture": "#0", "tintindex": 0},
				"up": {"uv": [1.5625, 6.6875, 2.625, 8], "rotation": 180, "texture": "#0", "tintindex": 0},
				"down": {"uv": [4.1875, 6.6875, 5.25, 8], "texture": "#0", "tintindex": 0}
			}
		},
		{
			"from": [2.25, 10.40715, 12.53612],
			"to": [13.75, 12.40715, 22.03612],
			"rotation": {"angle": 0, "axis": "x", "origin": [8, 15.19389, 1.43522]},
			"faces": {
				"north": {"uv": [10.1875, 7.1875, 8.75, 7.4375], "rotation": 180, "texture": "#0", "tintindex": 0},
				"east": {"uv": [7.0625, 7.4375, 7.3125, 8.625], "rotation": 270, "texture": "#0", "tintindex": 0},
				"south": {"uv": [8.75, 7.4375, 7.3125, 7.1875], "texture": "#0", "tintindex": 0},
				"west": {"uv": [8.75, 7.4375, 9, 8.625], "rotation": 90, "texture": "#0", "tintindex": 0},
				"up": {"uv": [7.3125, 7.4375, 8.75, 8.625], "rotation": 180, "texture": "#0", "tintindex": 0},
				"down": {"uv": [9, 7.4375, 10.4375, 8.625], "texture": "#0", "tintindex": 0}
			}
		},
		{
			"from": [3.75, 12.26835, 9.03612],
			"to": [6.25, 21.26835, 11.53612],
			"rotation": {"angle": 0, "axis": "x", "origin": [8, 15.19389, 1.43522]},
			"faces": {
				"north": {"uv": [5.875, 7.1875, 5.5625, 8.3125], "rotation": 180, "texture": "#0", "tintindex": 0},
				"east": {"uv": [4.125, 8.3125, 5.25, 8.625], "rotation": 270, "texture": "#0", "tintindex": 0},
				"south": {"uv": [5.5625, 8.3125, 5.25, 7.1875], "texture": "#0", "tintindex": 0},
				"west": {"uv": [5.5625, 8.3125, 6.6875, 8.625], "rotation": 90, "texture": "#0", "tintindex": 0},
				"up": {"uv": [5.25, 8.3125, 5.5625, 8.625], "rotation": 180, "texture": "#0", "tintindex": 0},
				"down": {"uv": [6.6875, 8.3125, 7, 8.625], "texture": "#0", "tintindex": 0}
			}
		},
		{
			"from": [6.75, 12.40715, 2.03612],
			"to": [9.25, 13.90715, 4.53612],
			"rotation": {"angle": 0, "axis": "x", "origin": [8, 15.19389, 1.43522]},
			"faces": {
				"north": {"uv": [2.3125, 0, 2, 0.1875], "rotation": 180, "texture": "#0", "tintindex": 0},
				"east": {"uv": [1.5, 0.1875, 1.6875, 0.5], "rotation": 270, "texture": "#0", "tintindex": 0},
				"south": {"uv": [2, 0.1875, 1.6875, 0], "texture": "#0", "tintindex": 0},
				"west": {"uv": [2, 0.1875, 2.1875, 0.5], "rotation": 90, "texture": "#0", "tintindex": 0},
				"up": {"uv": [1.6875, 0.1875, 2, 0.5], "rotation": 180, "texture": "#0", "tintindex": 0},
				"down": {"uv": [2.1875, 0.1875, 2.5, 0.5], "texture": "#0", "tintindex": 0}
			}
		},
		{
			"from": [5.25, 6.90715, 0.03612],
			"to": [10.75, 12.40715, 2.03612],
			"rotation": {"angle": 0, "axis": "x", "origin": [8, 15.19389, 1.43522]},
			"faces": {
				"north": {"uv": [2.0625, 1.875, 1.375, 2.5625], "rotation": 180, "texture": "#0", "tintindex": 0},
				"east": {"uv": [0, 2.5625, 0.6875, 2.8125], "rotation": 270, "texture": "#0", "tintindex": 0},
				"south": {"uv": [1.375, 2.5625, 0.6875, 1.875], "texture": "#0", "tintindex": 0},
				"west": {"uv": [1.375, 2.5625, 2.0625, 2.8125], "rotation": 90, "texture": "#0", "tintindex": 0},
				"up": {"uv": [0.6875, 2.5625, 1.375, 2.8125], "rotation": 180, "texture": "#0", "tintindex": 0},
				"down": {"uv": [2.0625, 2.5625, 2.75, 2.8125], "texture": "#0", "tintindex": 0}
			}
		},
		{
			"from": [9.75, 12.26835, 9.03612],
			"to": [12.25, 21.26835, 11.53612],
			"rotation": {"angle": 0, "axis": "x", "origin": [8, 15.19389, 1.43522]},
			"faces": {
				"north": {"uv": [5.875, 7.1875, 5.5625, 8.3125], "rotation": 180, "texture": "#0", "tintindex": 0},
				"east": {"uv": [4.125, 8.3125, 5.25, 8.625], "rotation": 270, "texture": "#0", "tintindex": 0},
				"south": {"uv": [5.5625, 8.3125, 5.25, 7.1875], "texture": "#0", "tintindex": 0},
				"west": {"uv": [5.5625, 8.3125, 6.6875, 8.625], "rotation": 90, "texture": "#0", "tintindex": 0},
				"up": {"uv": [5.25, 8.3125, 5.5625, 8.625], "rotation": 180, "texture": "#0", "tintindex": 0},
				"down": {"uv": [6.6875, 8.3125, 7, 8.625], "texture": "#0", "tintindex": 0}
			}
		}
	],
	"display": {
		"ground": {
			"rotation": [0, -180, 0],
			"translation": [0, -1.5, 0],
			"scale": [2, 2, 2]
		},
		"head": {
			"translation": [0, -18.75, 15.75],
			"scale": [3.3, 3.3, 3.3]
		}
	},
	"groups": [
		{
			"name": "Entire",
			"origin": [0, 0, 0],
			"color": 0,
			"children": [
				{
					"name": "Head",
					"origin": [0, 13.20833, -8.66667],
					"color": 0,
					"children": [0, 1, 2, 3, 4, 5]
				}
			]
		}
	]
}