{
	"texture_size": [256, 256],
	"textures": {
		"0": "dnd:entity/fossil/tyrannosaurus"
	},
	"elements": [
		{
			"from": [5.23472, 4.01884, 9.56732],
			"to": [10.73472, 13.01884, 17.56732],
			"rotation": {"angle": -45, "axis": "x", "origin": [7.98472, -17.00829, -3.93772]},
			"faces": {
				"north": {"uv": [1, 11.3125, 1.6875, 12.4375], "texture": "#0", "tintindex": 0},
				"east": {"uv": [0, 11.3125, 1, 12.4375], "texture": "#0", "tintindex": 0},
				"south": {"uv": [2.6875, 11.3125, 3.375, 12.4375], "texture": "#0", "tintindex": 0},
				"west": {"uv": [1.6875, 11.3125, 2.6875, 12.4375], "texture": "#0", "tintindex": 0},
				"up": {"uv": [1.6875, 11.3125, 1, 10.3125], "texture": "#0", "tintindex": 0},
				"down": {"uv": [2.375, 10.3125, 1.6875, 11.3125], "texture": "#0", "tintindex": 0}
			}
		},
		{
			"from": [4.23472, 17.94239, 5.87315],
			"to": [11.73472, 27.94239, 12.87315],
			"rotation": {"angle": -45, "axis": "x", "origin": [7.98472, -10.54182, 11.01449]},
			"faces": {
				"north": {"uv": [4.3125, 11.125, 5.25, 12.375], "texture": "#0", "tintindex": 0},
				"east": {"uv": [3.4375, 11.125, 4.3125, 12.375], "texture": "#0", "tintindex": 0},
				"south": {"uv": [6.125, 11.125, 7.0625, 12.375], "texture": "#0", "tintindex": 0},
				"west": {"uv": [5.25, 11.125, 6.125, 12.375], "texture": "#0", "tintindex": 0},
				"up": {"uv": [5.25, 11.125, 4.3125, 10.25], "texture": "#0", "tintindex": 0},
				"down": {"uv": [6.1875, 10.25, 5.25, 11.125], "texture": "#0", "tintindex": 0}
			}
		},
		{
			"from": [4.73472, 22.35349, -0.47568],
			"to": [11.23472, 27.35349, 7.02432],
			"rotation": {"angle": -45, "axis": "x", "origin": [7.98472, -10.54182, 11.01449]},
			"faces": {
				"north": {"uv": [0.9375, 9.625, 1.75, 10.25], "texture": "#0", "tintindex": 0},
				"east": {"uv": [0, 9.625, 0.9375, 10.25], "texture": "#0", "tintindex": 0},
				"south": {"uv": [2.6875, 9.625, 3.5, 10.25], "texture": "#0", "tintindex": 0},
				"west": {"uv": [1.75, 9.625, 2.6875, 10.25], "texture": "#0", "tintindex": 0},
				"up": {"uv": [1.75, 9.625, 0.9375, 8.6875], "texture": "#0", "tintindex": 0},
				"down": {"uv": [2.5625, 8.6875, 1.75, 9.625], "texture": "#0", "tintindex": 0}
			}
		},
		{
			"from": [5.23472, -4.69278, -6.60608],
			"to": [10.73472, 2.80722, -2.10608],
			"rotation": {"angle": 22.5, "axis": "x", "origin": [7.98472, 25.45818, 6.01449]},
			"faces": {
				"north": {"uv": [5.1875, 9.625, 4.5, 8.6875], "rotation": 180, "texture": "#0", "tintindex": 0},
				"east": {"uv": [3.5625, 9.625, 4.5, 10.1875], "rotation": 90, "texture": "#0", "tintindex": 0},
				"south": {"uv": [5.875, 8.6875, 5.1875, 9.625], "texture": "#0", "tintindex": 0},
				"west": {"uv": [5.1875, 9.625, 6.125, 10.1875], "rotation": 270, "texture": "#0", "tintindex": 0},
				"up": {"uv": [6.125, 9.625, 6.8125, 10.1875], "texture": "#0", "tintindex": 0},
				"down": {"uv": [4.5, 9.625, 5.1875, 10.1875], "rotation": 180, "texture": "#0", "tintindex": 0}
			}
		},
		{
			"name": "cube inverted",
			"from": [10.73472, 2.80722, -2.10608],
			"to": [5.23472, -4.69278, -6.60608],
			"rotation": {"angle": 22.5, "axis": "x", "origin": [7.98472, 25.45818, 6.01449]},
			"faces": {
				"north": {"uv": [5.875, 9.625, 5.1875, 8.6875], "texture": "#0", "tintindex": 0},
				"east": {"uv": [6.125, 9.625, 5.1875, 10.1875], "rotation": 270, "texture": "#0", "tintindex": 0},
				"south": {"uv": [5.1875, 8.6875, 4.5, 9.625], "rotation": 180, "texture": "#0", "tintindex": 0},
				"west": {"uv": [4.5, 9.625, 3.5625, 10.1875], "rotation": 90, "texture": "#0", "tintindex": 0},
				"up": {"uv": [5.1875, 9.625, 4.5, 10.1875], "rotation": 180, "texture": "#0", "tintindex": 0},
				"down": {"uv": [6.8125, 9.625, 6.125, 10.1875], "texture": "#0", "tintindex": 0}
			}
		},
		{
			"name": "cube inverted",
			"from": [11.23472, 27.35349, 7.02432],
			"to": [4.73472, 22.35349, -0.47568],
			"rotation": {"angle": -45, "axis": "x", "origin": [7.98472, -10.54182, 11.01449]},
			"faces": {
				"north": {"uv": [2.6875, 10.25, 3.5, 9.625], "texture": "#0", "tintindex": 0},
				"east": {"uv": [1.75, 10.25, 2.6875, 9.625], "texture": "#0", "tintindex": 0},
				"south": {"uv": [0.9375, 10.25, 1.75, 9.625], "texture": "#0", "tintindex": 0},
				"west": {"uv": [0, 10.25, 0.9375, 9.625], "texture": "#0", "tintindex": 0},
				"up": {"uv": [1.75, 8.6875, 2.5625, 9.625], "texture": "#0", "tintindex": 0},
				"down": {"uv": [0.9375, 9.625, 1.75, 8.6875], "texture": "#0", "tintindex": 0}
			}
		},
		{
			"name": "cube inverted",
			"from": [10.73472, 13.01884, 17.56732],
			"to": [5.23472, 4.01884, 9.56732],
			"rotation": {"angle": -45, "axis": "x", "origin": [7.98472, -17.00829, -3.93772]},
			"faces": {
				"north": {"uv": [2.6875, 12.4375, 3.375, 11.3125], "texture": "#0", "tintindex": 0},
				"east": {"uv": [1.6875, 12.4375, 2.6875, 11.3125], "texture": "#0", "tintindex": 0},
				"south": {"uv": [1, 12.4375, 1.6875, 11.3125], "texture": "#0", "tintindex": 0},
				"west": {"uv": [0, 12.4375, 1, 11.3125], "texture": "#0", "tintindex": 0},
				"up": {"uv": [1.6875, 10.3125, 2.375, 11.3125], "texture": "#0", "tintindex": 0},
				"down": {"uv": [1, 11.3125, 1.6875, 10.3125], "texture": "#0", "tintindex": 0}
			}
		},
		{
			"from": [-0.26528, 1.91359, 2.43744],
			"to": [6.23472, 15.91359, 13.93744],
			"rotation": {"angle": -22.5, "axis": "x", "origin": [8.0191, 14.67158, 8.1839]},
			"faces": {
				"north": {"uv": [1.4375, 6.875, 2.25, 8.625], "texture": "#0", "tintindex": 0},
				"east": {"uv": [0, 6.875, 1.4375, 8.625], "texture": "#0", "tintindex": 0},
				"south": {"uv": [3.6875, 6.875, 4.5, 8.625], "texture": "#0", "tintindex": 0},
				"west": {"uv": [2.25, 6.875, 3.6875, 8.625], "texture": "#0", "tintindex": 0},
				"up": {"uv": [2.25, 6.875, 1.4375, 5.4375], "texture": "#0", "tintindex": 0},
				"down": {"uv": [3.0625, 5.4375, 2.25, 6.875], "texture": "#0", "tintindex": 0}
			}
		},
		{
			"from": [9.73472, 1.91359, 2.43744],
			"to": [16.23472, 15.91359, 13.93744],
			"shade": false,
			"rotation": {"angle": -22.5, "axis": "x", "origin": [8.0191, 14.67158, 8.1839]},
			"faces": {
				"north": {"uv": [2.25, 6.875, 1.4375, 8.625], "texture": "#0", "tintindex": 0},
				"east": {"uv": [3.6875, 6.875, 2.25, 8.625], "texture": "#0", "tintindex": 0},
				"south": {"uv": [4.5, 6.875, 3.6875, 8.625], "texture": "#0", "tintindex": 0},
				"west": {"uv": [1.4375, 6.875, 0, 8.625], "texture": "#0", "tintindex": 0},
				"up": {"uv": [1.4375, 6.875, 2.25, 5.4375], "texture": "#0", "tintindex": 0},
				"down": {"uv": [2.25, 5.4375, 3.0625, 6.875], "texture": "#0", "tintindex": 0}
			}
		},
		{
			"from": [1.28472, -9.08641, 11.43744],
			"to": [4.73472, 7.91359, 14.93744],
			"rotation": {"angle": -22.5, "axis": "x", "origin": [8.0191, 14.67158, 8.1839]},
			"faces": {
				"north": {"uv": [5.0625, 6.5, 5.4375, 8.625], "texture": "#0", "tintindex": 0},
				"east": {"uv": [4.625, 6.5, 5.0625, 8.625], "texture": "#0", "tintindex": 0},
				"south": {"uv": [5.875, 6.5, 6.25, 8.625], "texture": "#0", "tintindex": 0},
				"west": {"uv": [5.4375, 6.5, 5.875, 8.625], "texture": "#0", "tintindex": 0},
				"up": {"uv": [5.4375, 6.5, 5.0625, 6.0625], "texture": "#0", "tintindex": 0},
				"down": {"uv": [5.8125, 6.0625, 5.4375, 6.5], "texture": "#0", "tintindex": 0}
			}
		},
		{
			"from": [11.28472, -9.08641, 11.43744],
			"to": [14.73472, 7.91359, 14.93744],
			"shade": false,
			"rotation": {"angle": -22.5, "axis": "x", "origin": [8.0191, 14.67158, 8.1839]},
			"faces": {
				"north": {"uv": [5.4375, 6.5, 5.0625, 8.625], "texture": "#0", "tintindex": 0},
				"east": {"uv": [5.875, 6.5, 5.4375, 8.625], "texture": "#0", "tintindex": 0},
				"south": {"uv": [6.25, 6.5, 5.875, 8.625], "texture": "#0", "tintindex": 0},
				"west": {"uv": [5.0625, 6.5, 4.625, 8.625], "texture": "#0", "tintindex": 0},
				"up": {"uv": [5.0625, 6.5, 5.4375, 6.0625], "texture": "#0", "tintindex": 0},
				"down": {"uv": [5.4375, 6.0625, 5.8125, 6.5], "texture": "#0",