{
	"texture_size": [256, 256],
	"textures": {
		"0": "dnd:entity/tyrannosaurus"
	},
	"elements": [
		{
			"from": [5.23472, 5.81443, -2.96674],
			"to": [10.73472, 14.81443, 5.03326],
			"rotation": {"angle": 22.5, "axis": "x", "origin": [7.98472, 39.99171, 18.06228]},
			"faces": {
				"north": {"uv": [1, 11.3125, 1.6875, 12.4375], "texture": "#0", "tintindex": 0},
				"east": {"uv": [0, 11.3125, 1, 12.4375], "texture": "#0", "tintindex": 0},
				"south": {"uv": [2.6875, 11.3125, 3.375, 12.4375], "texture": "#0", "tintindex": 0},
				"west": {"uv": [1.6875, 11.3125, 2.6875, 12.4375], "texture": "#0", "tintindex": 0},
				"up": {"uv": [1.6875, 11.3125, 1, 10.3125], "texture": "#0", "tintindex": 0},
				"down": {"uv": [2.375, 10.3125, 1.6875, 11.3125], "texture": "#0", "tintindex": 0}
			}
		},
		{
			"from": [4.23472, 7.32069, -6.97094],
			"to": [11.73472, 17.32069, 0.02906],
			"rotation": {"angle": 22.5, "axis": "x", "origin": [7.98472, 39.99171, 18.06228]},
			"faces": {
				"north": {"uv": [4.3125, 11.125, 5.25, 12.375], "texture": "#0", "tintindex": 0},
				"east": {"uv": [3.4375, 11.125, 4.3125, 12.375], "texture": "#0", "tintindex": 0},
				"south": {"uv": [6.125, 11.125, 7.0625, 12.375], "texture": "#0", "tintindex": 0},
				"west": {"uv": [5.25, 11.125, 6.125, 12.375], "texture": "#0", "tintindex": 0},
				"up": {"uv": [5.25, 11.125, 4.3125, 10.25], "texture": "#0", "tintindex": 0},
				"down": {"uv": [6.1875, 10.25, 5.25, 11.125], "texture": "#0", "tintindex": 0}
			}
		},
		{
			"from": [4.73472, 11.17148, -14.10279],
			"to": [11.23472, 16.17148, -6.60279],
			"rotation": {"angle": 22.5, "axis": "x", "origin": [7.98472, 40.8425, 18.62141]},
			"faces": {
				"north": {"uv": [0.9375, 9.625, 1.75, 10.25], "texture": "#0", "tintindex": 0},
				"east": {"uv": [0, 9.625, 0.9375, 10.25], "texture": "#0", "tintindex": 0},
				"south": {"uv": [2.6875, 9.625, 3.5, 10.25], "texture": "#0", "tintindex": 0},
				"west": {"uv": [1.75, 9.625, 2.6875, 10.25], "texture": "#0", "tintindex": 0},
				"up": {"uv": [1.75, 9.625, 0.9375, 8.6875], "texture": "#0", "tintindex": 0},
				"down": {"uv": [2.5625, 8.6875, 1.75, 9.625], "texture": "#0", "tintindex": 0}
			}
		},
		{
			"from": [5.23472, 8.13238, -14.88122],
			"to": [10.73472, 12.63238, -7.38122],
			"rotation": {"angle": 22.5, "axis": "x", "origin": [7.98472, 38.8034, 18.31799]},
			"faces": {
				"north": {"uv": [4.5, 9.625, 5.1875, 10.1875], "texture": "#0", "tintindex": 0},
				"east": {"uv": [3.5625, 9.625, 4.5, 10.1875], "texture": "#0", "tintindex": 0},
				"south": {"uv": [6.125, 9.625, 6.8125, 10.1875], "texture": "#0", "tintindex": 0},
				"west": {"uv": [5.1875, 9.625, 6.125, 10.1875], "texture": "#0", "tintindex": 0},
				"up": {"uv": [5.1875, 9.625, 4.5, 8.6875], "texture": "#0", "tintindex": 0},
				"down": {"uv": [5.875, 8.6875, 5.1875, 9.625], "texture": "#0", "tintindex": 0}
			}
		},
		{
			"from": [-0.26528, 3.42654, 2.88234],
			"to": [6.23472, 17.42654, 14.38234],
			"rotation": {"angle": 22.5, "axis": "x", "origin": [7.98472, 4.99171, -0.93772]},
			"faces": {
				"north": {"uv": [1.4375, 6.875, 2.25, 8.625], "texture": "#0", "tintindex": 0},
				"east": {"uv": [0, 6.875, 1.4375, 8.625], "texture": "#0", "tintindex": 0},
				"south": {"uv": [3.6875, 6.875, 4.5, 8.625], "texture": "#0", "tintindex": 0},
				"west": {"uv": [2.25, 6.875, 3.6875, 8.625], "texture": "#0", "tintindex": 0},
				"up": {"uv": [2.25, 6.875, 1.4375, 5.4375], "texture": "#0", "tintindex": 0},
				"down": {"uv": [3.0625, 5.4375, 2.25, 6.875], "texture": "#0", "tintindex": 0}
			}
		},
		{
			"from": [9.73472, 3.42654, 2.88234],
			"to": [16.23472, 17.42654, 14.38234],
			"shade": false,
			"rotation": {"angle": 22.5, "axis": "x", "origin": [7.98472, 4.99171, -0.93772]},
			"faces": {
				"north": {"uv": [2.25, 6.875, 1.4375, 8.625], "texture": "#0", "tintindex": 0},
				"east": {"uv": [3.6875, 6.875, 2.25, 8.625], "texture": "#0", "tintindex": 0},
				"south": {"uv": [4.5, 6.875, 3.6875, 8.625], "texture": "#0", "tintindex": 0},
				"west": {"uv": [1.4375, 6.875, 0, 8.625], "texture": "#0", "tintindex": 0},
				"up": {"uv": [1.4375, 6.875, 2.25, 5.4375], "texture": "#0", "tintindex": 0},
				"down": {"uv": [2.25, 5.4375, 3.0625, 6.875], "texture": "#0", "tintindex": 0}
			}
		},
		{
			"from": [1.28472, -7.57346, 11.88234],
			"to": [4.73472, 9.42654, 15.38234],
			"rotation": {"angle": 22.5, "axis": "x", "origin": [7.98472, 4.99171, -0.93772]},
			"faces": {
				"north": {"uv": [5.0625, 6.5, 5.4375, 8.625], "texture": "#0", "tintindex": 0},
				"east": {"uv": [4.625, 6.5, 5.0625, 8.625], "texture": "#0", "tintindex": 0},
				"south": {"uv": [5.875, 6.5, 6.25, 8.625], "texture": "#0", "tintindex": 0},
				"west": {"uv": [5.4375, 6.5, 5.875, 8.625], "texture": "#0", "tintindex": 0},
				"up": {"uv": [5.4375, 6.5, 5.0625, 6.0625], "texture": "#0", "tintindex": 0},
				"down": {"uv": [5.8125, 6.0625, 5.4375, 6.5], "texture": "#0", "tintindex": 0}
			}
		},
		{
			"from": [11.28472, -7.57346, 11.88234],
			"to": [14.73472, 9.42654, 15.38234],
			"shade": false,
			"rotation": {"angle": 22.5, "axis": "x", "origin": [7.98472, 4.99171, -0.93772]},
			"faces": {
				"north": {"uv": [5.4375, 6.5, 5.0625, 8.625], "texture": "#0", "tintindex": 0},
				"east": {"uv": [5.875, 6.5, 5.4375, 8.625], "texture": "#0", "tintindex": 0},
				"south": {"uv": [6.25, 6.5, 5.875, 8.625], "texture": "#0", "tintindex": 0},
				"west": {"uv": [5.0625, 6.5, 4.625, 8.625], "texture": "#0", "tintindex": 0},
				"up": {"uv": [5.0625, 6.5, 5.4375, 6.0625], "texture": "#0", "tintindex": 0},
				"down": {"uv": [5.4375, 6.0625, 5.8125, 6.5], "texture": "#0", "tintindex": 0}
			}
		},
		{
			"from": [1.23472, -7.57346, 8.38234],
			"to": [4.83472, -5.07346, 11.88234],
			"rotation": {"angle": 22.5, "axis": "x", "origin": [7.98472, 4.99171, -0.93772]},
			"faces": {
				"north": {"uv": [6.8125, 7.0625, 7.25, 7.375], "texture": "#0", "tintindex": 0},
				"east": {"uv": [6.375, 7.0625, 6.8125, 7.375], "texture": "#0", "tintindex": 0},
				"south": {"uv": [7.6875, 7.0625, 8.125, 7.375], "texture": "#0", "tintindex": 0},
				"west": {"uv": [7.25, 7.0625, 7.6875, 7.375], "texture": "#0", "tintindex": 0},
				"up": {"uv": [7.25, 7.0625, 6.8125, 6.625], "texture": "#0", "tintindex": 0},
				"down": {"uv": [7.6875, 6.625, 7.25, 7.0625], "texture": "#0", "tintindex": 0}
			}
		},
		{
			"from": [11.23472, -7.57346, 8.38234],
			"to": [14.83472, -5.07346, 11.88234],
			"shade": false,
			"rotation": {"angle": 22.5, "axis": "x", "origin": [7.98472, 4.99171, -0.93772]},
			"faces": {
				"north": {"uv": [7.25, 7.0625, 6.8125, 7.375], "texture": "#0", "tintindex": 0},
				"east": {"uv": [7.6875, 7.0625, 7.25, 7.375], "texture": "#0", "tintindex": 0},
				"south": {"uv": [8.125, 7.0625, 7.6875, 7.375], "texture": "#0", "tintindex": 0},
				"west": {"uv": [6.8125, 7.0625, 6.375, 7.375], "texture": "#0", "tintindex": 0},
				"up": {"uv": [6.8125, 7.0625, 7.25, 6.625], "texture": "#0", "tintindex": 0},
				"down": {"uv": [7.25, 6.625, 7.6875, 7.0625], "texture": "#0", "tintindex": 0}
			}
		},
		{
			"from": [11.23472, -7.57346, 7.88234],
			"to": [14.85972, -6.57346, 8.38234],
			"shade": false,
			"rotation": {"angle": 22.5, "axis": "x", "origin": [7.98472, 4.99171, -0.93772]},
			"faces": {
				"north": {"uv": [3.625, 5.5, 3.1875, 5.625], "texture": "#0", "tintindex": 0},
				"east": {"uv": [3.6875, 5.5, 3.625, 5.625], "texture": "#0", "tintindex": 0},
				"south": {"uv": [4.125, 5.5, 3.6875, 5.625], "texture": "#0", "tintindex": 0},
				"west": {"uv": [3.1875, 5.5, 3.125, 5.625], "texture": "#0", "tintindex": 0},
				"up": {"uv": [3.1875, 5.5, 3.625, 5.4375], "texture": "#0", "tintindex": 0},
				"down": {"uv": [3.625, 5.4375, 4.0625, 5.5], "texture": "#0", "tintindex": 0}
			}
		},
		{
			"from": [1.23472, 3.92654, -7.61766],
			"to": [3.23472, 8.92654, -5.61766],
			"rotation": {"angle": 22.5, "axis": "x", "origin": [7.98472, 4.99171, -0.93772]},