{
	"texture_size": [128, 128],
	"textures": {
		"0": "dnd:entity/concavenator"
	},
	"elements": [
		{
			"from": [3.99938, 2, -7],
			"to": [11.99938, 13, 19],
			"rotation": {"angle": 22.5, "axis": "x", "origin": [8, 5.3125, 13.00938]},
			"faces": {
				"north": {"uv": [3.25, 3.25, 4.25, 4.625], "texture": "#0", "tintindex": 0},
				"east": {"uv": [0, 3.25, 3.25, 4.625], "texture": "#0", "tintindex": 0},
				"south": {"uv": [7.5, 3.25, 8.5, 4.625], "texture": "#0", "tintindex": 0},
				"west": {"uv": [4.25, 3.25, 7.5, 4.625], "texture": "#0", "tintindex": 0},
				"up": {"uv": [4.25, 3.25, 3.25, 0], "texture": "#0", "tintindex": 0},
				"down": {"uv": [5.25, 0, 4.25, 3.25], "texture": "#0", "tintindex": 0}
			}
		},
		{
			"from": [4.99938, 2.79251, 7.90218],
			"to": [10.99938, 10.79251, 29.90218],
			"rotation": {"angle": 22.5, "axis": "x", "origin": [8, -23.6875, 13.00938]},
			"faces": {
				"north": {"uv": [2.75, 9.875, 3.5, 10.875], "texture": "#0", "tintindex": 0},
				"east": {"uv": [0, 9.875, 2.75, 10.875], "texture": "#0", "tintindex": 0},
				"south": {"uv": [6.25, 9.875, 7, 10.875], "texture": "#0", "tintindex": 0},
				"west": {"uv": [3.5, 9.875, 6.25, 10.875], "texture": "#0", "tintindex": 0},
				"up": {"uv": [3.5, 9.875, 2.75, 7.125], "texture": "#0", "tintindex": 0},
				"down": {"uv": [4.25, 7.125, 3.5, 9.875], "texture": "#0", "tintindex": 0}
			}
		},
		{
			"from": [5.99938, 0.54019, 3.49702],
			"to": [9.99938, 5.54019, 31.49702],
			"rotation": {"angle": 22.5, "axis": "x", "origin": [8, -92.6875, 13.00938]},
			"faces": {
				"north": {"uv": [7.75, 8.125, 8.25, 8.75], "texture": "#0", "tintindex": 0},
				"east": {"uv": [4.25, 8.125, 7.75, 8.75], "texture": "#0", "tintindex": 0},
				"south": {"uv": [11.75, 8.125, 12.25, 8.75], "texture": "#0", "tintindex": 0},
				"west": {"uv": [8.25, 8.125, 11.75, 8.75], "texture": "#0", "tintindex": 0},
				"up": {"uv": [8.25, 8.125, 7.75, 4.625], "texture": "#0", "tintindex": 0},
				"down": {"uv": [8.75, 4.625, 8.25, 8.125], "texture": "#0", "tintindex": 0}
			}
		},
		{
			"from": [7.99938, 5.54019, -1.50298],
			"to": [8.00938, 15.54019, 29.49702],
			"rotation": {"angle": 22.5, "axis": "x", "origin": [8, -92.6875, 13.00938]},
			"faces": {
				"north": {"uv": [3.875, 5.875, 3.875, 7.125], "texture": "#0", "tintindex": 0},
				"east": {"uv": [0, 5.875, 3.875, 7.125], "texture": "#0", "tintindex": 0},
				"south": {"uv": [7.75, 5.875, 7.75, 7.125], "texture": "#0", "tintindex": 0},
				"west": {"uv": [3.875, 5.875, 7.75, 7.125], "texture": "#0", "tintindex": 0},
				"up": {"uv": [3.875, 5.875, 3.875, 2], "texture": "#0", "tintindex": 0},
				"down": {"uv": [3.875, 2, 3.875, 5.875], "texture": "#0", "tintindex": 0}
			}
		},
		{
			"from": [7.99938, 10.79251, -6.09782],
			"to": [8.00938, 20.79251, 24.90218],
			"rotation": {"angle": 22.5, "axis": "x", "origin": [8, -23.6875, 13.00938]},
			"faces": {
				"north": {"uv": [3.875, 4.625, 3.875, 5.875], "texture": "#0", "tintindex": 0},
				"east": {"uv": [0, 4.625, 3.875, 5.875], "texture": "#0", "tintindex": 0},
				"south": {"uv": [7.75, 4.625, 7.75, 5.875], "texture": "#0", "tintindex": 0},
				"west": {"uv": [3.875, 4.625, 7.75, 5.875], "texture": "#0", "tintindex": 0},
				"up": {"uv": [3.875, 4.625, 3.875, 0.75], "texture": "#0", "tintindex": 0},
				"down": {"uv": [3.875, 0.75, 3.875, 4.625], "texture": "#0", "tintindex": 0}
			}
		},
		{
			"from": [5.99938, 14.54441, -2.93999],
			"to": [9.99938, 27.54441, 3.06001],
			"rotation": {"angle": 22.5, "axis": "x", "origin": [7.99938, 30.3449, -6.95211]},
			"faces": {
				"north": {"uv": [0.75, 7.875, 1.25, 9.5], "texture": "#0", "tintindex": 0},
				"east": {"uv": [0, 7.875, 0.75, 9.5], "texture": "#0", "tintindex": 0},
				"south": {"uv": [2, 7.875, 2.5, 9.5], "texture": "#0", "tintindex": 0},
				"west": {"uv": [1.25, 7.875, 2, 9.5], "texture": "#0", "tintindex": 0},
				"up": {"uv": [1.25, 7.875, 0.75, 7.125], "texture": "#0", "tintindex": 0},
				"down": {"uv": [1.75, 7.125, 1.25, 7.875], "texture": "#0", "tintindex": 0}
			}
		},
		{
			"from": [4.99938, 20.54441, -7.93999],
			"to": [10.99938, 28.54441, 1.06001],
			"rotation": {"angle": 22.5, "axis": "x", "origin": [7.99938, 30.3449, -6.95211]},
			"faces": {
				"north": {"uv": [8.125, 9.875, 8.875, 10.875], "texture": "#0", "tintindex": 0},
				"east": {"uv": [7, 9.875, 8.125, 10.875], "texture": "#0", "tintindex": 0},
				"south": {"uv": [10, 9.875, 10.75, 10.875], "texture": "#0", "tintindex": 0},
				"west": {"uv": [8.875, 9.875, 10, 10.875], "texture": "#0", "tintindex": 0},
				"up": {"uv": [8.875, 9.875, 8.125, 8.75], "texture": "#0", "tintindex": 0},
				"down": {"uv": [9.625, 8.75, 8.875, 9.875], "texture": "#0", "tintindex": 0}
			}
		},
		{
			"from": [5.99938, 22.54441, -13.93999],
			"to": [9.99938, 29.54441, -4.93999],
			"rotation": {"angle": 22.5, "axis": "x", "origin": [7.99938, 30.3449, -6.95211]},
			"faces": {
				"north": {"uv": [1.125, 1.125, 1.625, 2], "texture": "#0", "tintindex": 0},
				"east": {"uv": [0, 1.125, 1.125, 2], "texture": "#0", "tintindex": 0},
				"south": {"uv": [2.75, 1.125, 3.25, 2], "texture": "#0", "tintindex": 0},
				"west": {"uv": [1.625, 1.125, 2.75, 2], "texture": "#0", "tintindex": 0},
				"up": {"uv": [1.625, 1.125, 1.125, 0], "texture": "#0", "tintindex": 0},
				"down": {"uv": [2.125, 0, 1.625, 1.125], "texture": "#0", "tintindex": 0}
			}
		},
		{
			"from": [2.99938, -5, -4],
			"to": [5.99938, 4, -1],
			"rotation": {"angle": 22.5, "axis": "x", "origin": [8, 5.3125, 13.00938]},
			"faces": {
				"north": {"uv": [9.125, 0.375, 9.5, 1.5], "texture": "#0", "tintindex": 0},
				"east": {"uv": [8.75, 0.375, 9.125, 1.5], "texture": "#0", "tintindex": 0},
				"south": {"uv": [9.875, 0.375, 10.25, 1.5], "texture": "#0", "tintindex": 0},
				"west": {"uv": [9.5, 0.375, 9.875, 1.5], "texture": "#0", "tintindex": 0},
				"up": {"uv": [9.5, 0.375, 9.125, 0], "texture": "#0", "tintindex": 0},
				"down": {"uv": [9.875, 0, 9.5, 0.375], "texture": "#0", "tintindex": 0}
			}
		},
		{
			"from": [9.99938, -5, -4],
			"to": [12.99938, 4, -1],
			"shade": false,
			"rotation": {"angle": 22.5, "axis": "x", "origin": [8, 5.3125, 13.00938]},
			"faces": {
				"north": {"uv": [9.5, 0.375, 9.125, 1.5], "texture": "#0", "tintindex": 0},
				"east": {"uv": [9.875, 0.375, 9.5, 1.5], "texture": "#0", "tintindex": 0},
				"south": {"uv": [10.25, 0.375, 9.875, 1.5], "texture": "#0", "tintindex": 0},
				"west": {"uv": [9.125, 0.375, 8.75, 1.5], "texture": "#0", "tintindex": 0},
				"up": {"uv": [9.125, 0.375, 9.5, 0], "texture": "#0", "tintindex": 0},
				"down": {"uv": [9.5, 0, 9.875, 0.375], "texture": "#0", "tintindex": 0}
			}
		},
		{
			"from": [1.99937, -2.92188, 4.60101],
			"to": [6.99938, 9.07812, 13.60101],
			"rotation": {"angle": 22.5, "axis": "x", "origin": [7.99938, -3.25521, 11.10101]},
			"faces": {
				"north": {"uv": [6.375, 1.125, 7, 2.625], "texture": "#0", "tintindex": 0},
				"east": {"uv": [5.25, 1.125, 6.375, 2.625], "texture": "#0", "tintindex": 0},
				"south": {"uv": [8.125, 1.125, 8.75, 2.625], "texture": "#0", "tintindex": 0},
				"west": {"uv": [7, 1.125, 8.125, 2.625], "texture": "#0", "tintindex": 0},
				"up": {"uv": [7, 1.125, 6.375, 0], "texture": "#0", "tintindex": 0},
				"down": {"uv": [7.625, 0, 7, 1.125], "texture": "#0", "tintindex": 0}
			}
		},
		{
			"from": [8.99938, -2.92188, 4.60101],
			"to": [13.99938, 9.07812, 13.60101],
			"shade": false,
			"rotation": {"angle": 22.5, "axis": "x", "origin": [7.99938, -3.25521, 11.10101]},
			"faces": {
				"north": {"uv": [7, 1.125, 6.375, 2.625], "texture": "#0", "tintindex": 0},
				"east": {"uv": [8.125, 1.125, 7, 2.625], "texture": "#0", "tintindex": 0},
				"south": {"uv": [8.75, 1.125, 8.125, 2.625], "texture": "#0", "tintindex": 0},
				"west": {"uv": [6.375, 1.125, 5.25, 2.625], "texture": "#0", "tintindex": 0},
				"up": {"uv": [6.375, 1.125, 7, 0], "texture": "#0", "tintindex": 0},