{
	"texture_size": [256, 256],
	"textures": {
		"0": "dnd:entity/corythosaurus"
	},
	"elements": [
		{
			"from": [3.1375, 1, -6.5],
			"to": [13.1375, 13.5, 13.5],
			"rotation": {"angle": 22.5, "axis": "x", "origin": [8.1375, 4.69091, 3.97728]},
			"faces": {
				"north": {"uv": [2.5, 2.5, 3.75, 4.0625], "texture": "#0", "tintindex": 0},
				"east": {"uv": [0, 2.5, 2.5, 4.0625], "texture": "#0", "tintindex": 0},
				"south": {"uv": [6.25, 2.5, 7.5, 4.0625], "texture": "#0", "tintindex": 0},
				"west": {"uv": [3.75, 2.5, 6.25, 4.0625], "texture": "#0", "tintindex": 0},
				"up": {"uv": [3.75, 2.5, 2.5, 0], "texture": "#0", "tintindex": 0},
				"down": {"uv": [5, 0, 3.75, 2.5], "texture": "#0", "tintindex": 0}
			}
		},
		{
			"from": [4.5, 3.01921, -2.51454],
			"to": [11.5, 10.01921, 11.98546],
			"rotation": {"angle": 22.5, "axis": "x", "origin": [8, -37.05476, 3.46273]},
			"faces": {
				"north": {"uv": [1.8125, 5.875, 2.6875, 6.75], "texture": "#0", "tintindex": 0},
				"east": {"uv": [0, 5.875, 1.8125, 6.75], "texture": "#0", "tintindex": 0},
				"south": {"uv": [4.5, 5.875, 5.375, 6.75], "texture": "#0", "tintindex": 0},
				"west": {"uv": [2.6875, 5.875, 4.5, 6.75], "texture": "#0", "tintindex": 0},
				"up": {"uv": [2.6875, 5.875, 1.8125, 4.0625], "texture": "#0", "tintindex": 0},
				"down": {"uv": [3.5625, 4.0625, 2.6875, 5.875], "texture": "#0", "tintindex": 0}
			}
		},
		{
			"from": [6, 4.03561, -1.1282],
			"to": [10, 9.03561, 11.3718],
			"rotation": {"angle": 22.5, "axis": "x", "origin": [8, -70.25996, -1.87849]},
			"faces": {
				"north": {"uv": [6.5625, 1.5625, 7.0625, 2.1875], "texture": "#0", "tintindex": 0},
				"east": {"uv": [5, 1.5625, 6.5625, 2.1875], "texture": "#0", "tintindex": 0},
				"south": {"uv": [8.625, 1.5625, 9.125, 2.1875], "texture": "#0", "tintindex": 0},
				"west": {"uv": [7.0625, 1.5625, 8.625, 2.1875], "texture": "#0", "tintindex": 0},
				"up": {"uv": [7.0625, 1.5625, 6.5625, 0], "texture": "#0", "tintindex": 0},
				"down": {"uv": [7.5625, 0, 7.0625, 1.5625], "texture": "#0", "tintindex": 0}
			}
		},
		{
			"from": [5.0125, 1.90455, 13.17052],
			"to": [11.0125, 15.00455, 24.17052],
			"rotation": {"angle": 22.5, "axis": "x", "origin": [8.0125, 80.38182, 19.95455]},
			"faces": {
				"north": {"uv": [4.25, 4.75, 4.625, 5.5625], "texture": "#0", "tintindex": 0},
				"east": {"uv": [3.5625, 4.75, 4.25, 5.5625], "texture": "#0", "tintindex": 0},
				"south": {"uv": [5.3125, 4.75, 5.6875, 5.5625], "texture": "#0", "tintindex": 0},
				"west": {"uv": [4.625, 4.75, 5.3125, 5.5625], "texture": "#0", "tintindex": 0},
				"up": {"uv": [4.625, 4.75, 4.25, 4.0625], "texture": "#0", "tintindex": 0},
				"down": {"uv": [5, 4.0625, 4.625, 4.75], "texture": "#0", "tintindex": 0}
			}
		},
		{
			"from": [6.0125, 8.90455, 8.17052],
			"to": [10.0125, 15.00455, 13.17052],
			"rotation": {"angle": 22.5, "axis": "x", "origin": [8.0125, 80.38182, 19.95455]},
			"faces": {
				"north": {"uv": [5.3125, 1.1875, 5.5625, 1.5625], "texture": "#0", "tintindex": 0},
				"east": {"uv": [5, 1.1875, 5.3125, 1.5625], "texture": "#0", "tintindex": 0},
				"south": {"uv": [5.875, 1.1875, 6.125, 1.5625], "texture": "#0", "tintindex": 0},
				"west": {"uv": [5.5625, 1.1875, 5.875, 1.5625], "texture": "#0", "tintindex": 0},
				"up": {"uv": [5.5625, 1.1875, 5.3125, 0.875], "texture": "#0", "tintindex": 0},
				"down": {"uv": [5.8125, 0.875, 5.5625, 1.1875], "texture": "#0", "tintindex": 0}
			}
		},
		{
			"from": [7.0125, 14.90455, 14.17052],
			"to": [9.0125, 20.00455, 21.17052],
			"rotation": {"angle": 22.5, "axis": "x", "origin": [8.0125, 80.38182, 19.95455]},
			"faces": {
				"north": {"uv": [5.4375, 0.4375, 5.5625, 0.75], "texture": "#0", "tintindex": 0},
				"east": {"uv": [5, 0.4375, 5.4375, 0.75], "texture": "#0", "tintindex": 0},
				"south": {"uv": [6, 0.4375, 6.125, 0.75], "texture": "#0", "tintindex": 0},
				"west": {"uv": [5.5625, 0.4375, 6, 0.75], "texture": "#0", "tintindex": 0},
				"up": {"uv": [5.5625, 0.4375, 5.4375, 0], "texture": "#0", "tintindex": 0},
				"down": {"uv": [5.6875, 0, 5.5625, 0.4375], "texture": "#0", "tintindex": 0}
			}
		},
		{
			"from": [10.1375, -7.5, 5.5],
			"to": [14.1375, 7.5, 10.5],
			"rotation": {"angle": 22.5, "axis": "x", "origin": [8.1375, 4.69091, 3.97728]},
			"faces": {
				"north": {"uv": [0.625, 0.625, 1.125, 2.5], "texture": "#0", "tintindex": 0},
				"east": {"uv": [0, 0.625, 0.625, 2.5], "texture": "#0", "tintindex": 0},
				"south": {"uv": [1.75, 0.625, 2.25, 2.5], "texture": "#0", "tintindex": 0},
				"west": {"uv": [1.125, 0.625, 1.75, 2.5], "texture": "#0", "tintindex": 0},
				"up": {"uv": [1.125, 0.625, 0.625, 0], "texture": "#0", "tintindex": 0},
				"down": {"uv": [1.625, 0, 1.125, 0.625], "texture": "#0", "tintindex": 0}
			}
		},
		{
			"from": [2.1375, -7.5, 5.5],
			"to": [6.1375, 7.5, 10.5],
			"shade": false,
			"rotation": {"angle": 22.5, "axis": "x", "origin": [8.1375, 4.69091, 3.97728]},
			"faces": {
				"north": {"uv": [1.125, 0.625, 0.625, 2.5], "texture": "#0", "tintindex": 0},
				"east": {"uv": [1.75, 0.625, 1.125, 2.5], "texture": "#0", "tintindex": 0},
				"south": {"uv": [2.25, 0.625, 1.75, 2.5], "texture": "#0", "tintindex": 0},
				"west": {"uv": [0.625, 0.625, 0, 2.5], "texture": "#0", "tintindex": 0},
				"up": {"uv": [0.625, 0.625, 1.125, 0], "texture": "#0", "tintindex": 0},
				"down": {"uv": [1.125, 0, 1.625, 0.625], "texture": "#0", "tintindex": 0}
			}
		},
		{
			"from": [11.1375, -7.5, -5.5],
			"to": [13.6375, 3.5, -3],
			"rotation": {"angle": 22.5, "axis": "x", "origin": [8.1375, 4.69091, 3.97728]},
			"faces": {
				"north": {"uv": [0.3125, 4.375, 0.625, 5.75], "texture": "#0", "tintindex": 0},
				"east": {"uv": [0, 4.375, 0.3125, 5.75], "texture": "#0", "tintindex": 0},
				"south": {"uv": [0.9375, 4.375, 1.25, 5.75], "texture": "#0", "tintindex": 0},
				"west": {"uv": [0.625, 4.375, 0.9375, 5.75], "texture": "#0", "tintindex": 0},
				"up": {"uv": [0.625, 4.375, 0.3125, 4.0625], "texture": "#0", "tintindex": 0},
				"down": {"uv": [0.9375, 4.0625, 0.625, 4.375], "texture": "#0", "tintindex": 0}
			}
		},
		{
			"from": [2.6375, -7.5, -5.5],
			"to": [5.1375, 3.5, -3],
			"shade": false,
			"rotation": {"angle": 22.5, "axis": "x", "origin": [8.1375, 4.69091, 3.97728]},
			"faces": {
				"north": {"uv": [0.625, 4.375, 0.3125, 5.75], "texture": "#0", "tintindex": 0},
				"east": {"uv": [0.9375, 4.375, 0.625, 5.75], "texture": "#0", "tintindex": 0},
				"south": {"uv": [1.25, 4.375, 0.9375, 5.75], "texture": "#0", "tintindex": 0},
				"west": {"uv": [0.3125, 4.375, 0, 5.75], "texture": "#0", "tintindex": 0},
				"up": {"uv": [0.3125, 4.375, 0.625, 4.0625], "texture": "#0", "tintindex": 0},
				"down": {"uv": [0.625, 4.0625, 0.9375, 4.375], "texture": "#0", "tintindex": 0}
			}
		}
	],
	"display": {
		"ground": {
			"rotation": [-157.5, 0, -180],
			"translation": [0, -0.75, 0]
		},
		"head": {
			"rotation": [-22.5, 0, 0],
			"translation": [-20.75, -28, 0]
		}
	},
	"groups": [
		{
			"name": "Entire",
			"origin": [0, 0, 0],
			"children": [
				{
					"name": "Body",
					"origin": [0, 2, -7],
					"children": [0, 1, 2]
				},
				{
					"name": "Head",
					"origin": [0, 2, 29],
					"children": [3, 4, 5]
				},
				{
					"name": "Limbs",
					"origin": [0, 2, -7],
					"children": [6, 7, 8, 9]
				}
			]
		}
	]
}