{
	"texture_size": [128, 128],
	"textures": {
		"0": "dnd:entity/concavenator"
	},
	"elements": [
		{
			"from": [5.99964, 9, -7],
			"to": [9.99964, 14.5, 6],
			"rotation": {"angle": 22.5, "axis": "x", "origin": [7.99995, 2.65625, -7.49531]},
			"faces": {
				"north": {"uv": [3.25, 3.25, 4.25, 4.625], "texture": "#0", "tintindex": 0},
				"east": {"uv": [0, 3.25, 3.25, 4.625], "texture": "#0", "tintindex": 0},
				"south": {"uv": [7.5, 3.25, 8.5, 4.625], "texture": "#0", "tintindex": 0},
				"west": {"uv": [4.25, 3.25, 7.5, 4.625], "texture": "#0", "tintindex": 0},
				"up": {"uv": [4.25, 3.25, 3.25, 0], "texture": "#0", "tintindex": 0},
				"down": {"uv": [5.25, 0, 4.25, 3.25], "texture": "#0", "tintindex": 0}
			}
		},
		{
			"from": [6.49964, 9.39626, 0.45109],
			"to": [9.49964, 13.39626, 11.45109],
			"rotation": {"angle": 22.5, "axis": "x", "origin": [7.99995, -11.84375, -7.49531]},
			"faces": {
				"north": {"uv": [2.75, 9.875, 3.5, 10.875], "texture": "#0", "tintindex": 0},
				"east": {"uv": [0, 9.875, 2.75, 10.875], "texture": "#0", "tintindex": 0},
				"south": {"uv": [6.25, 9.875, 7, 10.875], "texture": "#0", "tintindex": 0},
				"west": {"uv": [3.5, 9.875, 6.25, 10.875], "texture": "#0", "tintindex": 0},
				"up": {"uv": [3.5, 9.875, 2.75, 7.125], "texture": "#0", "tintindex": 0},
				"down": {"uv": [4.25, 7.125, 3.5, 9.875], "texture": "#0", "tintindex": 0}
			}
		},
		{
			"from": [6.99964, 8.2701, -1.75149],
			"to": [8.99964, 10.7701, 12.24851],
			"rotation": {"angle": 22.5, "axis": "x", "origin": [7.99995, -46.34375, -7.49531]},
			"faces": {
				"north": {"uv": [7.75, 8.125, 8.25, 8.75], "texture": "#0", "tintindex": 0},
				"east": {"uv": [4.25, 8.125, 7.75, 8.75], "texture": "#0", "tintindex": 0},
				"south": {"uv": [11.75, 8.125, 12.25, 8.75], "texture": "#0", "tintindex": 0},
				"west": {"uv": [8.25, 8.125, 11.75, 8.75], "texture": "#0", "tintindex": 0},
				"up": {"uv": [8.25, 8.125, 7.75, 4.625], "texture": "#0", "tintindex": 0},
				"down": {"uv": [8.75, 4.625, 8.25, 8.125], "texture": "#0", "tintindex": 0}
			}
		},
		{
			"from": [7.99964, 10.7701, -4.25149],
			"to": [8.00464, 15.7701, 11.24851],
			"rotation": {"angle": 22.5, "axis": "x", "origin": [7.99995, -46.34375, -7.49531]},
			"faces": {
				"north": {"uv": [3.875, 5.875, 3.875, 7.125], "texture": "#0", "tintindex": 0},
				"east": {"uv": [0, 5.875, 3.875, 7.125], "texture": "#0", "tintindex": 0},
				"south": {"uv": [7.75, 5.875, 7.75, 7.125], "texture": "#0", "tintindex": 0},
				"west": {"uv": [3.875, 5.875, 7.75, 7.125], "texture": "#0", "tintindex": 0},
				"up": {"uv": [3.875, 5.875, 3.875, 2], "texture": "#0", "tintindex": 0},
				"down": {"uv": [3.875, 2, 3.875, 5.875], "texture": "#0", "tintindex": 0}
			}
		},
		{
			"from": [7.99964, 13.79765, -6.46907],
			"to": [8.00464, 18.79765, 9.03093],
			"rotation": {"angle": 22.5, "axis": "x", "origin": [7.99995, -11.44235, -8.46438]},
			"faces": {
				"north": {"uv": [3.875, 4.625, 3.875, 5.875], "texture": "#0", "tintindex": 0},
				"east": {"uv": [0, 4.625, 3.875, 5.875], "texture": "#0", "tintindex": 0},
				"south": {"uv": [7.75, 4.625, 7.75, 5.875], "texture": "#0", "tintindex": 0},
				"west": {"uv": [3.875, 4.625, 7.75, 5.875], "texture": "#0", "tintindex": 0},
				"up": {"uv": [3.875, 4.625, 3.875, 0.75], "texture": "#0", "tintindex": 0},
				"down": {"uv": [3.875, 0.75, 3.875, 4.625], "texture": "#0", "tintindex": 0}
			}
		},
		{
			"from": [6.99964, 15.27221, -4.97],
			"to": [8.99964, 21.77221, -1.97],
			"rotation": {"angle": 22.5, "axis": "x", "origin": [7.99964, 15.17245, -17.47606]},
			"faces": {
				"north": {"uv": [0.75, 7.875, 1.25, 9.5], "texture": "#0", "tintindex": 0},
				"east": {"uv": [0, 7.875, 0.75, 9.5], "texture": "#0", "tintindex": 0},
				"south": {"uv": [2, 7.875, 2.5, 9.5], "texture": "#0", "tintindex": 0},
				"west": {"uv": [1.25, 7.875, 2, 9.5], "texture": "#0", "tintindex": 0},
				"up": {"uv": [1.25, 7.875, 0.75, 7.125], "texture": "#0", "tintindex": 0},
				"down": {"uv": [1.75, 7.125, 1.25, 7.875], "texture": "#0", "tintindex": 0}
			}
		},
		{
			"from": [5.45, 12.63775, -5.61149],
			"to": [10.55, 19.43775, 2.03851],
			"rotation": {"angle": 22.5, "axis": "x", "origin": [8, 25.79317, -4.70929]},
			"faces": {
				"north": {"uv": [8.125, 9.875, 8.875, 10.875], "texture": "#0", "tintindex": 0},
				"east": {"uv": [7, 9.875, 8.125, 10.875], "texture": "#0", "tintindex": 0},
				"south": {"uv": [10, 9.875, 10.75, 10.875], "texture": "#0", "tintindex": 0},
				"west": {"uv": [8.875, 9.875, 10, 10.875], "texture": "#0", "tintindex": 0},
				"up": {"uv": [8.875, 9.875, 8.125, 8.75], "texture": "#0", "tintindex": 0},
				"down": {"uv": [9.625, 8.75, 8.875, 9.875], "texture": "#0", "tintindex": 0}
			}
		},
		{
			"from": [6.3, 14.33775, -10.71149],
			"to": [9.7, 20.28775, -3.06149],
			"rotation": {"angle": 22.5, "axis": "x", "origin": [8, 25.79317, -4.70929]},
			"faces": {
				"north": {"uv": [1.125, 1.125, 1.625, 2], "texture": "#0", "tintindex": 0},
				"east": {"uv": [0, 1.125, 1.125, 2], "texture": "#0", "tintindex": 0},
				"south": {"uv": [2.75, 1.125, 3.25, 2], "texture": "#0", "tintindex": 0},
				"west": {"uv": [1.625, 1.125, 2.75, 2], "texture": "#0", "tintindex": 0},
				"up": {"uv": [1.625, 1.125, 1.125, 0], "texture": "#0", "tintindex": 0},
				"down": {"uv": [2.125, 0, 1.625, 1.125], "texture": "#0", "tintindex": 0}
			}
		},
		{
			"from": [5.49964, 5.5, -5.5],
			"to": [6.99964, 10, -4],
			"rotation": {"angle": 22.5, "axis": "x", "origin": [7.99995, 2.65625, -7.49531]},
			"faces": {
				"north": {"uv": [9.125, 0.375, 9.5, 1.5], "texture": "#0", "tintindex": 0},
				"east": {"uv": [8.75, 0.375, 9.125, 1.5], "texture": "#0", "tintindex": 0},
				"south": {"uv": [9.875, 0.375, 10.25, 1.5], "texture": "#0", "tintindex": 0},
				"west": {"uv": [9.5, 0.375, 9.875, 1.5], "texture": "#0", "tintindex": 0},
				"up": {"uv": [9.5, 0.375, 9.125, 0], "texture": "#0", "tintindex": 0},
				"down": {"uv": [9.875, 0, 9.5, 0.375], "texture": "#0", "tintindex": 0}
			}
		},
		{
			"from": [8.99964, 5.5, -5.5],
			"to": [10.49964, 10, -4],
			"shade": false,
			"rotation": {"angle": 22.5, "axis": "x", "origin": [7.99995, 2.65625, -7.49531]},
			"faces": {
				"north": {"uv": [9.5, 0.375, 9.125, 1.5], "texture": "#0", "tintindex": 0},
				"east": {"uv": [9.875, 0.375, 9.5, 1.5], "texture": "#0", "tintindex": 0},
				"south": {"uv": [10.25, 0.375, 9.875, 1.5], "texture": "#0", "tintindex": 0},
				"west": {"uv": [9.125, 0.375, 8.75, 1.5], "texture": "#0", "tintindex": 0},
				"up": {"uv": [9.125, 0.375, 9.5, 0], "texture": "#0", "tintindex": 0},
				"down": {"uv": [9.5, 0, 9.875, 0.375], "texture": "#0", "tintindex": 0}
			}
		},
		{
			"from": [4.99964, 6.5, 0.5125],
			"to": [7.49964, 12.5, 5.0125],
			"rotation": {"angle": 22.5, "axis": "x", "origin": [7.99995, 2.65625, -7.49531]},
			"faces": {
				"north": {"uv": [6.375, 1.125, 7, 2.625], "texture": "#0", "tintindex": 0},
				"east": {"uv": [5.25, 1.125, 6.375, 2.625], "texture": "#0", "tintindex": 0},
				"south": {"uv": [8.125, 1.125, 8.75, 2.625], "texture": "#0", "tintindex": 0},
				"west": {"uv": [7, 1.125, 8.125, 2.625], "texture": "#0", "tintindex": 0},
				"up": {"uv": [7, 1.125, 6.375, 0], "texture": "#0", "tintindex": 0},
				"down": {"uv": [7.625, 0, 7, 1.125], "texture": "#0", "tintindex": 0}
			}
		},
		{
			"from": [8.49964, 6.5, 0.5125],
			"to": [10.99964, 12.5, 5.0125],
			"shade": false,
			"rotation": {"angle": 22.5, "axis": "x", "origin": [7.99995, 2.65625, -7.49531]},
			"faces": {
				"north": {"uv": [7, 1.125, 6.375, 2.625], "texture": "#0", "tintindex": 0},
				"east": {"uv": [8.125, 1.125, 7, 2.625], "texture": "#0", "tintindex": 0},
				"south": {"uv": [8.75, 1.125, 8.125, 2.625], "texture": "#0", "tintindex": 0},
				"west": {"uv": [6.375, 1.125, 5.25, 2.625], "texture": "#0", "tintindex": 0},
				"up": {"uv": [6.375, 1.125, 7, 0], "texture": "#0", "tintindex": 0},