{
	"texture_size": [256, 256],
	"textures": {
		"0": "dnd:entity/acrocanthosaurus"
	},
	"elements": [
		{
			"from": [5.24834, 1.10938, -1.91427],
			"to": [10.74834, 8.10938, 12.58574],
			"rotation": {"angle": 22.5, "axis": "x", "origin": [8, 3.69223, 5.82845]},
			"faces": {
				"north": {"uv": [3.625, 3.625, 5, 5.375], "texture": "#0", "tintindex": 0},
				"east": {"uv": [0, 3.625, 3.625, 5.375], "texture": "#0", "tintindex": 0},
				"south": {"uv": [8.625, 3.625, 10, 5.375], "texture": "#0", "tintindex": 0},
				"west": {"uv": [5, 3.625, 8.625, 5.375], "texture": "#0", "tintindex": 0},
				"up": {"uv": [5, 3.625, 3.625, 0], "texture": "#0", "tintindex": 0},
				"down": {"uv": [6.375, 0, 5, 3.625], "texture": "#0", "tintindex": 0}
			}
		},
		{
			"from": [7.88096, 7.10938, -0.66426],
			"to": [8.13096, 8.60938, 13.08574],
			"rotation": {"angle": 22.5, "axis": "x", "origin": [8, 3.69223, 5.82845]},
			"faces": {
				"north": {"uv": [10.9375, 6.875, 11, 7.25], "texture": "#0", "tintindex": 0},
				"east": {"uv": [7.5, 6.875, 10.9375, 7.25], "texture": "#0", "tintindex": 0},
				"south": {"uv": [14.4375, 6.875, 14.5, 7.25], "texture": "#0", "tintindex": 0},
				"west": {"uv": [11, 6.875, 14.4375, 7.25], "texture": "#0", "tintindex": 0},
				"up": {"uv": [11, 6.875, 10.9375, 3.4375], "texture": "#0", "tintindex": 0},
				"down": {"uv": [11.0625, 3.4375, 11, 6.875], "texture": "#0", "tintindex": 0}
			}
		},
		{
			"from": [5.99616, 1.78848, 9.71561],
			"to": [9.99616, 6.53848, 18.71561],
			"rotation": {"angle": 22.5, "axis": "x", "origin": [8, -3.80777, 5.82845]},
			"faces": {
				"north": {"uv": [8.625, 2.25, 9.625, 3.4375], "texture": "#0", "tintindex": 0},
				"east": {"uv": [6.375, 2.25, 8.625, 3.4375], "texture": "#0", "tintindex": 0},
				"south": {"uv": [11.875, 2.25, 12.875, 3.4375], "texture": "#0", "tintindex": 0},
				"west": {"uv": [9.625, 2.25, 11.875, 3.4375], "texture": "#0", "tintindex": 0},
				"up": {"uv": [9.625, 2.25, 8.625, 0], "texture": "#0", "tintindex": 0},
				"down": {"uv": [10.625, 0, 9.625, 2.25], "texture": "#0", "tintindex": 0}
			}
		},
		{
			"from": [7.88096, 5.78848, 10.21561],
			"to": [8.13096, 7.03848, 19.21561],
			"rotation": {"angle": 22.5, "axis": "x", "origin": [8, -3.80777, 5.82845]},
			"faces": {
				"north": {"uv": [7.875, 9.5625, 7.9375, 9.875], "texture": "#0", "tintindex": 0},
				"east": {"uv": [5.625, 9.5625, 7.875, 9.875], "texture": "#0", "tintindex": 0},
				"south": {"uv": [10.1875, 9.5625, 10.25, 9.875], "texture": "#0", "tintindex": 0},
				"west": {"uv": [7.9375, 9.5625, 10.1875, 9.875], "texture": "#0", "tintindex": 0},
				"up": {"uv": [7.9375, 9.5625, 7.875, 7.3125], "texture": "#0", "tintindex": 0},
				"down": {"uv": [8, 7.3125, 7.9375, 9.5625], "texture": "#0", "tintindex": 0}
			}
		},
		{
			"from": [6.99616, -0.23086, 4.52283],
			"to": [8.99616, 3.01914, 18.02283],
			"rotation": {"angle": 22.5, "axis": "x", "origin": [8, -40.80777, 5.82845]},
			"faces": {
				"north": {"uv": [3.375, 8.75, 3.875, 9.5625], "texture": "#0", "tintindex": 0},
				"east": {"uv": [0, 8.75, 3.375, 9.5625], "texture": "#0", "tintindex": 0},
				"south": {"uv": [7.25, 8.75, 7.75, 9.5625], "texture": "#0", "tintindex": 0},
				"west": {"uv": [3.875, 8.75, 7.25, 9.5625], "texture": "#0", "tintindex": 0},
				"up": {"uv": [3.875, 8.75, 3.375, 5.375], "texture": "#0", "tintindex": 0},
				"down": {"uv": [4.375, 5.375, 3.875, 8.75], "texture": "#0", "tintindex": 0}
			}
		},
		{
			"from": [7.875, 3.01914, 5.02283],
			"to": [8.125, 3.51914, 18.02283],
			"rotation": {"angle": 22.5, "axis": "x", "origin": [8, -40.80777, 5.82845]},
			"faces": {
				"north": {"uv": [10.25, 10.5, 10.3125, 10.625], "texture": "#0", "tintindex": 0},
				"east": {"uv": [7, 10.5, 10.25, 10.625], "texture": "#0", "tintindex": 0},
				"south": {"uv": [13.5625, 10.5, 13.625, 10.625], "texture": "#0", "tintindex": 0},
				"west": {"uv": [10.3125, 10.5, 13.5625, 10.625], "texture": "#0", "tintindex": 0},
				"up": {"uv": [10.3125, 10.5, 10.25, 7.25], "texture": "#0", "tintindex": 0},
				"down": {"uv": [10.375, 7.25, 10.3125, 10.5], "texture": "#0", "tintindex": 0}
			}
		},
		{
			"from": [6.74616, 4.30567, 2.60672],
			"to": [9.24616, 10.30566, 6.10672],
			"rotation": {"angle": 22.5, "axis": "x", "origin": [8, 22.69223, 5.82845]},
			"faces": {
				"north": {"uv": [0.875, 6.25, 1.5, 7.75], "texture": "#0", "tintindex": 0},
				"east": {"uv": [0, 6.25, 0.875, 7.75], "texture": "#0", "tintindex": 0},
				"south": {"uv": [2.375, 6.25, 3, 7.75], "texture": "#0", "tintindex": 0},
				"west": {"uv": [1.5, 6.25, 2.375, 7.75], "texture": "#0", "tintindex": 0},
				"up": {"uv": [1.5, 6.25, 0.875, 5.375], "texture": "#0", "tintindex": 0},
				"down": {"uv": [2.125, 5.375, 1.5, 6.25], "texture": "#0", "tintindex": 0}
			}
		},
		{
			"from": [5.44347, 8.34088, 6.64392],
			"to": [10.54347, 14.29088, 11.31892],
			"rotation": {"angle": 22.5, "axis": "x", "origin": [8, 38.57678, 4.30836]},
			"faces": {
				"north": {"uv": [5.3125, 6.0625, 6.0625, 6.9375], "texture": "#0", "tintindex": 0},
				"east": {"uv": [4.625, 6.0625, 5.3125, 6.9375], "texture": "#0", "tintindex": 0},
				"south": {"uv": [6.75, 6.0625, 7.5, 6.9375], "texture": "#0", "tintindex": 0},
				"west": {"uv": [6.0625, 6.0625, 6.75, 6.9375], "texture": "#0", "tintindex": 0},
				"up": {"uv": [6.0625, 6.0625, 5.3125, 5.375], "texture": "#0", "tintindex": 0},
				"down": {"uv": [6.8125, 5.375, 6.0625, 6.0625], "texture": "#0", "tintindex": 0}
			}
		},
		{
			"from": [5.8768, 9.61588, 0.69392],
			"to": [10.1268, 14.29088, 6.64392],
			"rotation": {"angle": 22.5, "axis": "x", "origin": [8, 38.57678, 4.30836]},
			"faces": {
				"north": {"uv": [5.5, 7.8125, 6.125, 8.5], "texture": "#0", "tintindex": 0},
				"east": {"uv": [4.625, 7.8125, 5.5, 8.5], "texture": "#0", "tintindex": 0},
				"south": {"uv": [7, 7.8125, 7.625, 8.5], "texture": "#0", "tintindex": 0},
				"west": {"uv": [6.125, 7.8125, 7, 8.5], "texture": "#0", "tintindex": 0},
				"up": {"uv": [6.125, 7.8125, 5.5, 6.9375], "texture": "#0", "tintindex": 0},
				"down": {"uv": [6.75, 6.9375, 6.125, 7.8125], "texture": "#0", "tintindex": 0}
			}
		},
		{
			"from": [7.88096, 9.55566, 2.60672],
			"to": [8.13096, 10.80567, 6.60672],
			"rotation": {"angle": 22.5, "axis": "x", "origin": [8, 22.69223, 5.82845]},
			"faces": {
				"north": {"uv": [7.4375, 1, 7.5, 1.3125], "texture": "#0", "tintindex": 0},
				"east": {"uv": [6.4375, 1, 7.4375, 1.3125], "texture": "#0", "tintindex": 0},
				"south": {"uv": [8.5, 1, 8.5625, 1.3125], "texture": "#0", "tintindex": 0},
				"west": {"uv": [7.5, 1, 8.5, 1.3125], "texture": "#0", "tintindex": 0},
				"up": {"uv": [7.5, 1, 7.4375, 0], "texture": "#0", "tintindex": 0},
				"down": {"uv": [7.5625, 0, 7.5, 1], "texture": "#0", "tintindex": 0}
			}
		},
		{
			"from": [4.49834, -0.89062, 5.34021],
			"to": [7.24834, 5.35938, 10.34021],
			"rotation": {"angle": 22.5, "axis": "x", "origin": [8, 3.69223, 5.82845]},
			"faces": {
				"north": {"uv": [1.25, 10.8125, 1.9375, 12.375], "texture": "#0", "tintindex": 0},
				"east": {"uv": [0, 10.8125, 1.25, 12.375], "texture": "#0", "tintindex": 0},
				"south": {"uv": [3.1875, 10.8125, 3.875, 12.375], "texture": "#0", "tintindex": 0},
				"west": {"uv": [1.9375, 10.8125, 3.1875, 12.375], "texture": "#0", "tintindex": 0},
				"up": {"uv": [1.9375, 10.8125, 1.25, 9.5625], "texture": "#0", "tintindex": 0},
				"down": {"uv": [2.625, 9.5625, 1.9375, 10.8125], "texture": "#0", "tintindex": 0}
			}
		},
		{
			"from": [8.75379, -0.89062, 5.34021],
			"to": [11.50379, 5.35938, 10.34021],
			"shade": false,
			"rotation": {"angle": 22.5, "axis": "x", "origin": [8, 3.69223, 5.82845]},
			"faces": {
				"north": {"uv": [1.9375, 10.8125, 1.25, 12.375], "texture": "#0", "tintindex": 0},
				"east": {"uv": [3.1875, 10.8125, 1.9375, 12.375], "texture": "#0", "tintindex": 0},
				"south": {"uv": [3.875, 10.8125, 3.1875, 12.375], "texture": "#0", "tintindex": 0},