{
	"texture_size": [96, 96],
	"textures": {
		"0": "dnd:entity/ankylosaurus",
		"1": "dnd:entity/ankylosaurus_walking"
	},
	"elements": [
		{
			"from": [-8, 0, -16],
			"to": [24, 23, 29],
			"rotation": {"angle": 22.5, "axis": "x", "origin": [8, 7.86667, 0.1]},
			"faces": {
				"north": {"uv": [2.8125, 2.9375, 4.8125, 4.375], "texture": "#0", "tintindex": 0},
				"east": {"uv": [0, 2.9375, 2.8125, 4.375], "texture": "#0", "tintindex": 0},
				"south": {"uv": [7.625, 2.9375, 9.625, 4.375], "texture": "#0", "tintindex": 0},
				"west": {"uv": [4.8125, 2.9375, 7.625, 4.375], "texture": "#0", "tintindex": 0},
				"up": {"uv": [4.8125, 2.9375, 2.8125, 0.125], "texture": "#0", "tintindex": 0},
				"down": {"uv": [6.8125, 0.125, 4.8125, 2.9375], "texture": "#0", "tintindex": 0}
			}
		},
		{
			"from": [0, 0.0626, -0.95241],
			"to": [16, 14.0626, 21.04759],
			"rotation": {"angle": 22.5, "axis": "x", "origin": [8, -70.13333, 0.1]},
			"faces": {
				"north": {"uv": [1.375, 5.75, 2.375, 6.625], "texture": "#0", "tintindex": 0},
				"east": {"uv": [0, 5.75, 1.375, 6.625], "texture": "#0", "tintindex": 0},
				"south": {"uv": [3.75, 5.75, 4.75, 6.625], "texture": "#0", "tintindex": 0},
				"west": {"uv": [2.375, 5.75, 3.75, 6.625], "texture": "#0", "tintindex": 0},
				"up": {"uv": [2.375, 5.75, 1.375, 4.375], "texture": "#0", "tintindex": 0},
				"down": {"uv": [3.375, 4.375, 2.375, 5.75], "texture": "#0", "tintindex": 0}
			}
		},
		{
			"from": [4, -0.94893, -0.34993],
			"to": [12, 3.05107, 18.65007],
			"rotation": {"angle": 22.5, "axis": "x", "origin": [4, -126.4254, 1.99858]},
			"faces": {
				"north": {"uv": [5.9375, 5.5625, 6.4375, 5.8125], "texture": "#0", "tintindex": 0},
				"east": {"uv": [4.75, 5.5625, 5.9375, 5.8125], "texture": "#0", "tintindex": 0},
				"south": {"uv": [7.625, 5.5625, 8.125, 5.8125], "texture": "#0", "tintindex": 0},
				"west": {"uv": [6.4375, 5.5625, 7.625, 5.8125], "texture": "#0", "tintindex": 0},
				"up": {"uv": [6.4375, 5.5625, 5.9375, 4.375], "texture": "#0", "tintindex": 0},
				"down": {"uv": [6.9375, 4.375, 6.4375, 5.5625], "texture": "#0", "tintindex": 0}
			}
		},
		{
			"from": [3, -4.9424, -2.00462],
			"to": [13, 1.0576, 9.99538],
			"rotation": {"angle": 22.5, "axis": "x", "origin": [9, -179.84121, -0.80416]},
			"faces": {
				"north": {"uv": [7.5625, 0.75, 8.1875, 1.125], "texture": "#0", "tintindex": 0},
				"east": {"uv": [6.8125, 0.75, 7.5625, 1.125], "texture": "#0", "tintindex": 0},
				"south": {"uv": [8.9375, 0.75, 9.5625, 1.125], "texture": "#0", "tintindex": 0},
				"west": {"uv": [8.1875, 0.75, 8.9375, 1.125], "texture": "#0", "tintindex": 0},
				"up": {"uv": [8.1875, 0.75, 7.5625, 0], "texture": "#0", "tintindex": 0},
				"down": {"uv": [8.8125, 0, 8.1875, 0.75], "texture": "#0", "tintindex": 0}
			}
		},
		{
			"from": [3, 9.95826, -12.10046],
			"to": [13, 18.95826, -2.10046],
			"rotation": {"angle": 22.5, "axis": "x", "origin": [8, 59.86667, 0.1]},
			"faces": {
				"north": {"uv": [4, 5, 4.625, 5.5625], "texture": "#0", "tintindex": 0},
				"east": {"uv": [3.375, 5, 4, 5.5625], "texture": "#0", "tintindex": 0},
				"south": {"uv": [5.25, 5, 5.875, 5.5625], "texture": "#0", "tintindex": 0},
				"west": {"uv": [4.625, 5, 5.25, 5.5625], "texture": "#0", "tintindex": 0},
				"up": {"uv": [4.625, 5, 4, 4.375], "texture": "#0", "tintindex": 0},
				"down": {"uv": [5.25, 4.375, 4.625, 5], "texture": "#0", "tintindex": 0}
			}
		},
		{
			"from": [0, 8.27318, -5.54461],
			"to": [16, 19.27318, 0.45539],
			"rotation": {"angle": 22.5, "axis": "x", "origin": [8, 50.86667, 0.1]},
			"faces": {
				"north": {"uv": [7.1875, 1.5, 8.1875, 2.1875], "texture": "#0", "tintindex": 0},
				"east": {"uv": [6.8125, 1.5, 7.1875, 2.1875], "texture": "#0", "tintindex": 0},
				"south": {"uv": [8.5625, 1.5, 9.5625, 2.1875], "texture": "#0", "tintindex": 0},
				"west": {"uv": [8.1875, 1.5, 8.5625, 2.1875], "texture": "#0", "tintindex": 0},
				"up": {"uv": [8.1875, 1.5, 7.1875, 1.125], "texture": "#0", "tintindex": 0},
				"down": {"uv": [9.1875, 1.125, 8.1875, 1.5], "texture": "#0", "tintindex": 0}
			}
		},
		{
			"from": [4, 14.98222, 4.15665],
			"to": [12, 23.98222, 13.15665],
			"rotation": {"angle": 22.5, "axis": "x", "origin": [8, 125.86667, 0.1]},
			"faces": {
				"north": {"uv": [10.125, 0.5625, 10.625, 1.125], "texture": "#0", "tintindex": 0},
				"east": {"uv": [9.5625, 0.5625, 10.125, 1.125], "texture": "#0", "tintindex": 0},
				"south": {"uv": [11.1875, 0.5625, 11.6875, 1.125], "texture": "#0", "tintindex": 0},
				"west": {"uv": [10.625, 0.5625, 11.1875, 1.125], "texture": "#0", "tintindex": 0},
				"up": {"uv": [10.625, 0.5625, 10.125, 0], "texture": "#0", "tintindex": 0},
				"down": {"uv": [11.125, 0, 10.625, 0.5625], "texture": "#0", "tintindex": 0}
			}
		},
		{
			"from": [2, 19.318, -1.23728],
			"to": [5, 22.318, 1.76272],
			"shade": false,
			"rotation": {"angle": 22.5, "axis": "x", "origin": [8, 90.86667, 0.1]},
			"faces": {
				"north": {"uv": [2, 0.1875, 1.8125, 0.375], "texture": "#0", "tintindex": 0},
				"east": {"uv": [2.1875, 0.1875, 2, 0.375], "texture": "#0", "tintindex": 0},
				"south": {"uv": [2.375, 0.1875, 2.1875, 0.375], "texture": "#0", "tintindex": 0},
				"west": {"uv": [1.8125, 0.1875, 1.625, 0.375], "texture": "#0", "tintindex": 0},
				"up": {"uv": [1.8125, 0.1875, 2, 0], "texture": "#0", "tintindex": 0},
				"down": {"uv": [2, 0, 2.1875, 0.1875], "texture": "#0", "tintindex": 0}
			}
		},
		{
			"from": [2, 11.318, -1.23728],
			"to": [5, 14.318, 1.76272],
			"shade": false,
			"rotation": {"angle": 22.5, "axis": "x", "origin": [8, 90.86667, 0.1]},
			"faces": {
				"north": {"uv": [2, 0.1875, 1.8125, 0.375], "texture": "#0", "tintindex": 0},
				"east": {"uv": [2.1875, 0.1875, 2, 0.375], "texture": "#0", "tintindex": 0},
				"south": {"uv": [2.375, 0.1875, 2.1875, 0.375], "texture": "#0", "tintindex": 0},
				"west": {"uv": [1.8125, 0.1875, 1.625, 0.375], "texture": "#0", "tintindex": 0},
				"up": {"uv": [1.8125, 0.1875, 2, 0], "texture": "#0", "tintindex": 0},
				"down": {"uv": [2, 0, 2.1875, 0.1875], "texture": "#0", "tintindex": 0}
			}
		},
		{
			"from": [11, 11.318, -1.23728],
			"to": [14, 14.318, 1.76272],
			"rotation": {"angle": 22.5, "axis": "x", "origin": [8, 90.86667, 0.1]},
			"faces": {
				"north": {"uv": [1.8125, 0.1875, 2, 0.375], "texture": "#0", "tintindex": 0},
				"east": {"uv": [1.625, 0.1875, 1.8125, 0.375], "texture": "#0", "tintindex": 0},
				"south": {"uv": [2.1875, 0.1875, 2.375, 0.375], "texture": "#0", "tintindex": 0},
				"west": {"uv": [2, 0.1875, 2.1875, 0.375], "texture": "#0", "tintindex": 0},
				"up": {"uv": [2, 0.1875, 1.8125, 0], "texture": "#0", "tintindex": 0},
				"down": {"uv": [2.1875, 0, 2, 0.1875], "texture": "#0", "tintindex": 0}
			}
		},
		{
			"from": [11, 19.318, -1.23728],
			"to": [14, 22.318, 1.76272],
			"rotation": {"angle": 22.5, "axis": "x", "origin": [8, 90.86667, 0.1]},
			"faces": {
				"north": {"uv": [1.8125, 0.1875, 2, 0.375], "texture": "#0", "tintindex": 0},
				"east": {"uv": [1.625, 0.1875, 1.8125, 0.375], "texture": "#0", "tintindex": 0},
				"south": {"uv": [2.1875, 0.1875, 2.375, 0.375], "texture": "#0", "tintindex": 0},
				"west": {"uv": [2, 0.1875, 2.1875, 0.375], "texture": "#0", "tintindex": 0},
				"up": {"uv": [2, 0.1875, 1.8125, 0], "texture": "#0", "tintindex": 0},
				"down": {"uv": [2.1875, 0, 2, 0.1875], "texture": "#0", "tintindex": 0}
			}
		},
		{
			"from": [-9, -4.99801, -13.62954],
			"to": [-3, 8.00199, -7.62954],
			"rotation": {"angle": 22.5, "axis": "x", "origin": [9, 5.77154, -10.77446]},
			"faces": {
				"north": {"uv": [1, 5.66667, 2, 7.83333], "texture": "#1", "tintindex": 0},
				"east": {"uv": [0, 5.66667, 1, 7.83333], "texture": "#1", "tintindex": 0},
				"south": {"uv": [3, 5.66667, 4, 7.83333], "texture": "#1", "tintindex": 0},
				"west": {"uv": [2, 5.66667, 3, 7.83333], "texture": "#1", "tintindex": 0},
				"up": {"uv": [2, 5.66667, 1, 4.66667],