{
	"texture_size": [96, 96],
	"textures": {
		"0": "dnd:entity/pachycephalosaurus"
	},
	"elements": [
		{
			"from": [5.5, 6.28571, -15],
			"to": [10.5, 12.28571, -8],
			"rotation": {"angle": 22.5, "axis": "x", "origin": [8, 8, -3.35643]},
			"faces": {
				"north": {"uv": [1.16667, 3.66667, 2, 4.66667], "texture": "#0", "tintindex": 0},
				"east": {"uv": [0, 3.66667, 1.16667, 4.66667], "texture": "#0", "tintindex": 0},
				"south": {"uv": [3.16667, 3.66667, 4, 4.66667], "texture": "#0", "tintindex": 0},
				"west": {"uv": [2, 3.66667, 3.16667, 4.66667], "texture": "#0", "tintindex": 0},
				"up": {"uv": [2, 3.66667, 1.16667, 2.5], "texture": "#0", "tintindex": 0},
				"down": {"uv": [2.83333, 2.5, 2, 3.66667], "texture": "#0", "tintindex": 0}
			}
		},
		{
			"from": [5, 12.81112, -11.47703],
			"to": [11, 20.81112, -4.47703],
			"rotation": {"angle": 22.5, "axis": "x", "origin": [8.52, 19.63196, -2.41566]},
			"faces": {
				"north": {"uv": [1.16667, 1.16667, 2.16667, 2.5], "texture": "#0", "tintindex": 0},
				"east": {"uv": [0, 1.16667, 1.16667, 2.5], "texture": "#0", "tintindex": 0},
				"south": {"uv": [3.33333, 1.16667, 4.33333, 2.5], "texture": "#0", "tintindex": 0},
				"west": {"uv": [2.16667, 1.16667, 3.33333, 2.5], "texture": "#0", "tintindex": 0},
				"up": {"uv": [2.16667, 1.16667, 1.16667, 0], "texture": "#0", "tintindex": 0},
				"down": {"uv": [3.16667, 0, 2.16667, 1.16667], "texture": "#0", "tintindex": 0}
			}
		},
		{
			"from": [6.5, 13.12304, -14.79048],
			"to": [9.5, 18.12304, -11.79048],
			"rotation": {"angle": 22.5, "axis": "x", "origin": [8, 19, -3.35643]},
			"faces": {
				"north": {"uv": [1.83333, 5.16667, 2.33333, 6], "texture": "#0", "tintindex": 0},
				"east": {"uv": [1.33333, 5.16667, 1.83333, 6], "texture": "#0", "tintindex": 0},
				"south": {"uv": [2.83333, 5.16667, 3.33333, 6], "texture": "#0", "tintindex": 0},
				"west": {"uv": [2.33333, 5.16667, 2.83333, 6], "texture": "#0", "tintindex": 0},
				"up": {"uv": [2.33333, 5.16667, 1.83333, 4.66667], "texture": "#0", "tintindex": 0},
				"down": {"uv": [2.83333, 4.66667, 2.33333, 5.16667], "texture": "#0", "tintindex": 0}
			}
		},
		{
			"from": [4, 17.57686, -9.56426],
			"to": [6.02, 19.59686, -7.54426],
			"rotation": {"angle": 22.5, "axis": "x", "origin": [8.51, 9.30115, -3.91069]},
			"faces": {
				"north": {"uv": [3.5, 0.33333, 3.83333, 0.66667], "texture": "#0", "tintindex": 0},
				"east": {"uv": [3.16667, 0.33333, 3.5, 0.66667], "texture": "#0", "tintindex": 0},
				"south": {"uv": [4.16667, 0.33333, 4.5, 0.66667], "texture": "#0", "tintindex": 0},
				"west": {"uv": [3.83333, 0.33333, 4.16667, 0.66667], "texture": "#0", "tintindex": 0},
				"up": {"uv": [3.83333, 0.33333, 3.5, 0], "texture": "#0", "tintindex": 0},
				"down": {"uv": [4.16667, 0, 3.83333, 0.33333], "texture": "#0", "tintindex": 0}
			}
		},
		{
			"from": [9.98, 17.57686, -9.56426],
			"to": [12, 19.59686, -7.54426],
			"shade": false,
			"rotation": {"angle": 22.5, "axis": "x", "origin": [7.49, 9.30115, -3.91069]},
			"faces": {
				"north": {"uv": [3.83333, 0.33333, 3.5, 0.66667], "texture": "#0", "tintindex": 0},
				"east": {"uv": [4.16667, 0.33333, 3.83333, 0.66667], "texture": "#0", "tintindex": 0},
				"south": {"uv": [4.5, 0.33333, 4.16667, 0.66667], "texture": "#0", "tintindex": 0},
				"west": {"uv": [3.5, 0.33333, 3.16667, 0.66667], "texture": "#0", "tintindex": 0},
				"up": {"uv": [3.5, 0.33333, 3.83333, 0], "texture": "#0", "tintindex": 0},
				"down": {"uv": [3.83333, 0, 4.16667, 0.33333], "texture": "#0", "tintindex": 0}
			}
		},
		{
			"from": [3.5, 3.28571, -8],
			"to": [12.5, 14.28571, 14.1],
			"rotation": {"angle": 22.5, "axis": "x", "origin": [8, 8, -3.35643]},
			"faces": {
				"north": {"uv": [3.66667, 12, 5.16667, 13.83333], "texture": "#0", "tintindex": 0},
				"east": {"uv": [0, 12, 3.66667, 13.83333], "texture": "#0", "tintindex": 0},
				"south": {"uv": [8.83333, 12, 10.33333, 13.83333], "texture": "#0", "tintindex": 0},
				"west": {"uv": [5.16667, 12, 8.83333, 13.83333], "texture": "#0", "tintindex": 0},
				"up": {"uv": [5.16667, 12, 3.66667, 8.33333], "texture": "#0", "tintindex": 0},
				"down": {"uv": [6.66667, 8.33333, 5.16667, 12], "texture": "#0", "tintindex": 0}
			}
		},
		{
			"from": [5.5, 0.48301, -12.15516],
			"to": [10.5, 7.48301, 30.94484],
			"rotation": {"angle": 22.5, "axis": "x", "origin": [6, -60.39815, -4.41159]},
			"faces": {
				"north": {"uv": [7.16667, 7.16667, 8, 8.33333], "texture": "#0", "tintindex": 0},
				"east": {"uv": [0, 7.16667, 7.16667, 8.33333], "texture": "#0", "tintindex": 0},
				"south": {"uv": [15.16667, 7.16667, 16, 8.33333], "texture": "#0", "tintindex": 0},
				"west": {"uv": [8, 7.16667, 15.16667, 8.33333], "texture": "#0", "tintindex": 0},
				"up": {"uv": [8, 7.16667, 7.16667, 0], "texture": "#0", "tintindex": 0},
				"down": {"uv": [8.83333, 0, 8, 7.16667], "texture": "#0", "tintindex": 0}
			}
		},
		{
			"from": [2.5, -7.24463, 3.16668],
			"to": [6.5, 4.75537, 7.16668],
			"rotation": {"angle": 22.5, "axis": "x", "origin": [4, 4.14013, 5.10102]},
			"faces": {
				"north": {"uv": [4.66667, 2.5, 5.33333, 4.5], "texture": "#0", "tintindex": 0},
				"east": {"uv": [4, 2.5, 4.66667, 4.5], "texture": "#0", "tintindex": 0},
				"south": {"uv": [6, 2.5, 6.66667, 4.5], "texture": "#0", "tintindex": 0},
				"west": {"uv": [5.33333, 2.5, 6, 4.5], "texture": "#0", "tintindex": 0},
				"up": {"uv": [5.33333, 2.5, 4.66667, 1.83333], "texture": "#0", "tintindex": 0},
				"down": {"uv": [6, 1.83333, 5.33333, 2.5], "texture": "#0", "tintindex": 0}
			}
		},
		{
			"from": [3, 0.1763, -7.31584],
			"to": [5, 5.1763, -5.31584],
			"rotation": {"angle": 22.5, "axis": "x", "origin": [4, 5.13771, -6.253]},
			"faces": {
				"north": {"uv": [0.33333, 5, 0.66667, 5.83333], "texture": "#0", "tintindex": 0},
				"east": {"uv": [0, 5, 0.33333, 5.83333], "texture": "#0", "tintindex": 0},
				"south": {"uv": [1, 5, 1.33333, 5.83333], "texture": "#0", "tintindex": 0},
				"west": {"uv": [0.66667, 5, 1, 5.83333], "texture": "#0", "tintindex": 0},
				"up": {"uv": [0.66667, 5, 0.33333, 4.66667], "texture": "#0", "tintindex": 0},
				"down": {"uv": [1, 4.66667, 0.66667, 5], "texture": "#0", "tintindex": 0}
			}
		},
		{
			"from": [9.5, -7.24463, 3.16668],
			"to": [13.5, 4.75537, 7.16668],
			"shade": false,
			"rotation": {"angle": 22.5, "axis": "x", "origin": [12, 4.14013, 5.10102]},
			"faces": {
				"north": {"uv": [5.33333, 2.5, 4.66667, 4.5], "texture": "#0", "tintindex": 0},
				"east": {"uv": [6, 2.5, 5.33333, 4.5], "texture": "#0", "tintindex": 0},
				"south": {"uv": [6.66667, 2.5, 6, 4.5], "texture": "#0", "tintindex": 0},
				"west": {"uv": [4.66667, 2.5, 4, 4.5], "texture": "#0", "tintindex": 0},
				"up": {"uv": [4.66667, 2.5, 5.33333, 1.83333], "texture": "#0", "tintindex": 0},
				"down": {"uv": [5.33333, 1.83333, 6, 2.5], "texture": "#0", "tintindex": 0}
			}
		},
		{
			"from": [11, 0.1763, -7.31584],
			"to": [13, 5.1763, -5.31584],
			"shade": false,
			"rotation": {"angle": 22.5, "axis": "x", "origin": [12, 5.13771, -6.253]},
			"faces": {
				"north": {"uv": [0.66667, 5, 0.33333, 5.83333], "texture": "#0", "tintindex": 0},
				"east": {"uv": [1, 5, 0.66667, 5.83333], "texture": "#0", "tintindex": 0},
				"south": {"uv": [1.33333, 5, 1, 5.83333], "texture": "#0", "tintindex": 0},
				"west": {"uv": [0.33333, 5, 0, 5.83333], "texture": "#0", "tintindex": 0},
				"up": {"uv": [0.33333, 5, 0.66667, 4.66667], "texture": "#0", "tintindex": 0},
				"down": {"uv": [0.66667, 4.66667, 1, 5], "texture": "#0", "tintindex": 0}
			}
		}
	],
	"display": {
		"ground": {
			"rotation": [-157.5, 0, -180],
			"translation": [0, -1.5, -5]
		},
		"head": {
			"rotation": [-22.5, 0, 0],
			"translation": [30.75, -18.5, 0],
			"scale": [1.65, 1.65, 1.65]
		},
		"fixed": {
			"rotation": [-67, 0, 0],
			"translation": [0, -0.5, -79],
			"scale": [4, 4, 4]
		}
	},
	"groups": [
		{
			"name": "Entire",
			"origin": [0, 0, 0],