{
	"texture_size": [112, 96],
	"textures": {
		"0": "dnd:entity/concavenator"
	},
	"elements": [
		{
			"from": [3.99938, 2, -7],
			"to": [11.99938, 13, 19],
			"rotation": {"angle": 22.5, "axis": "x", "origin": [8, 5.3125, 13.00938]},
			"faces": {
				"north": {"uv": [3.71429, 4.33333, 4.85714, 6.16667], "texture": "#0", "tintindex": 0},
				"east": {"uv": [0, 4.33333, 3.71429, 6.16667], "texture": "#0", "tintindex": 0},
				"south": {"uv": [8.57143, 4.33333, 9.71429, 6.16667], "texture": "#0", "tintindex": 0},
				"west": {"uv": [4.85714, 4.33333, 8.57143, 6.16667], "texture": "#0", "tintindex": 0},
				"up": {"uv": [4.85714, 4.33333, 3.71429, 0], "texture": "#0", "tintindex": 0},
				"down": {"uv": [6, 0, 4.85714, 4.33333], "texture": "#0", "tintindex": 0}
			}
		},
		{
			"from": [4.99938, 2.79251, 7.90218],
			"to": [10.99938, 10.79251, 29.90218],
			"rotation": {"angle": 22.5, "axis": "x", "origin": [8, -23.6875, 13.00938]},
			"faces": {
				"north": {"uv": [3.14286, 13.16667, 4, 14.5], "texture": "#0", "tintindex": 0},
				"east": {"uv": [0, 13.16667, 3.14286, 14.5], "texture": "#0", "tintindex": 0},
				"south": {"uv": [7.14286, 13.16667, 8, 14.5], "texture": "#0", "tintindex": 0},
				"west": {"uv": [4, 13.16667, 7.14286, 14.5], "texture": "#0", "tintindex": 0},
				"up": {"uv": [4, 13.16667, 3.14286, 9.5], "texture": "#0", "tintindex": 0},
				"down": {"uv": [4.85714, 9.5, 4, 13.16667], "texture": "#0", "tintindex": 0}
			}
		},
		{
			"from": [5.99938, 0.54019, 3.49702],
			"to": [9.99938, 5.54019, 31.49702],
			"rotation": {"angle": 22.5, "axis": "x", "origin": [8, -92.6875, 13.00938]},
			"faces": {
				"north": {"uv": [8.85714, 10.83333, 9.42857, 11.66667], "texture": "#0", "tintindex": 0},
				"east": {"uv": [4.85714, 10.83333, 8.85714, 11.66667], "texture": "#0", "tintindex": 0},
				"south": {"uv": [13.42857, 10.83333, 14, 11.66667], "texture": "#0", "tintindex": 0},
				"west": {"uv": [9.42857, 10.83333, 13.42857, 11.66667], "texture": "#0", "tintindex": 0},
				"up": {"uv": [9.42857, 10.83333, 8.85714, 6.16667], "texture": "#0", "tintindex": 0},
				"down": {"uv": [10, 6.16667, 9.42857, 10.83333], "texture": "#0", "tintindex": 0}
			}
		},
		{
			"from": [7.98938, 5.53019, -1.51298],
			"to": [8.00938, 15.55019, 29.50702],
			"rotation": {"angle": 22.5, "axis": "x", "origin": [8, -92.6875, 13.00938]},
			"faces": {
				"east": {"uv": [0, 7.83333, 4.42857, 9.5], "texture": "#0", "tintindex": 0},
				"west": {"uv": [4.42857, 7.83333, 8.85714, 9.5], "texture": "#0", "tintindex": 0}
			}
		},
		{
			"from": [7.98938, 10.78251, -6.10782],
			"to": [8.00938, 20.80251, 24.91218],
			"rotation": {"angle": 22.5, "axis": "x", "origin": [8, -23.6875, 13.00938]},
			"faces": {
				"east": {"uv": [0, 6.16667, 4.42857, 7.83333], "texture": "#0", "tintindex": 0},
				"west": {"uv": [4.42857, 6.16667, 8.85714, 7.83333], "texture": "#0", "tintindex": 0}
			}
		},
		{
			"from": [5.99938, 14.54441, -2.93999],
			"to": [9.99938, 27.54441, 3.06001],
			"rotation": {"angle": 22.5, "axis": "x", "origin": [7.99938, 30.3449, -6.95211]},
			"faces": {
				"north": {"uv": [0.85714, 10.5, 1.42857, 12.66667], "texture": "#0", "tintindex": 0},
				"east": {"uv": [0, 10.5, 0.85714, 12.66667], "texture": "#0", "tintindex": 0},
				"south": {"uv": [2.28571, 10.5, 2.85714, 12.66667], "texture": "#0", "tintindex": 0},
				"west": {"uv": [1.42857, 10.5, 2.28571, 12.66667], "texture": "#0", "tintindex": 0},
				"up": {"uv": [1.42857, 10.5, 0.85714, 9.5], "texture": "#0", "tintindex": 0},
				"down": {"uv": [2, 9.5, 1.42857, 10.5], "texture": "#0", "tintindex": 0}
			}
		},
		{
			"from": [4.99938, 20.54441, -7.93999],
			"to": [10.99938, 28.54441, 1.06001],
			"rotation": {"angle": 22.5, "axis": "x", "origin": [7.99938, 30.3449, -6.95211]},
			"faces": {
				"north": {"uv": [9.28571, 13.16667, 10.14285, 14.5], "texture": "#0", "tintindex": 0},
				"east": {"uv": [8, 13.16667, 9.28571, 14.5], "texture": "#0", "tintindex": 0},
				"south": {"uv": [11.42857, 13.16667, 12.28571, 14.5], "texture": "#0", "tintindex": 0},
				"west": {"uv": [10.14285, 13.16667, 11.42857, 14.5], "texture": "#0", "tintindex": 0},
				"up": {"uv": [10.14285, 13.16667, 9.28571, 11.66667], "texture": "#0", "tintindex": 0},
				"down": {"uv": [11, 11.66667, 10.14285, 13.16667], "texture": "#0", "tintindex": 0}
			}
		},
		{
			"from": [5.99938, 22.54441, -13.93999],
			"to": [9.99938, 29.54441, -4.93999],
			"rotation": {"angle": 22.5, "axis": "x", "origin": [7.99938, 30.3449, -6.95211]},
			"faces": {
				"north": {"uv": [1.28571, 1.5, 1.85714, 2.66667], "texture": "#0", "tintindex": 0},
				"east": {"uv": [0, 1.5, 1.28571, 2.66667], "texture": "#0", "tintindex": 0},
				"south": {"uv": [3.14286, 1.5, 3.71429, 2.66667], "texture": "#0", "tintindex": 0},
				"west": {"uv": [1.85714, 1.5, 3.14286, 2.66667], "texture": "#0", "tintindex": 0},
				"up": {"uv": [1.85714, 1.5, 1.28571, 0], "texture": "#0", "tintindex": 0},
				"down": {"uv": [2.42857, 0, 1.85714, 1.5], "texture": "#0", "tintindex": 0}
			}
		},
		{
			"from": [2.99938, -5, -4],
			"to": [5.99938, 4, -1],
			"rotation": {"angle": 22.5, "axis": "x", "origin": [8, 5.3125, 13.00938]},
			"faces": {
				"north": {"uv": [10.42857, 0.5, 10.85714, 2], "texture": "#0", "tintindex": 0},
				"east": {"uv": [10, 0.5, 10.42857, 2], "texture": "#0", "tintindex": 0},
				"south": {"uv": [11.28571, 0.5, 11.71429, 2], "texture": "#0", "tintindex": 0},
				"west": {"uv": [10.85714, 0.5, 11.28571, 2], "texture": "#0", "tintindex": 0},
				"up": {"uv": [10.85714, 0.5, 10.42857, 0], "texture": "#0", "tintindex": 0},
				"down": {"uv": [11.28571, 0, 10.85714, 0.5], "texture": "#0", "tintindex": 0}
			}
		},
		{
			"from": [9.99938, -5, -4],
			"to": [12.99938, 4, -1],
			"shade": false,
			"rotation": {"angle": 22.5, "axis": "x", "origin": [8, 5.3125, 13.00938]},
			"faces": {
				"north": {"uv": [10.85714, 0.5, 10.42857, 2], "texture": "#0", "tintindex": 0},
				"east": {"uv": [11.28571, 0.5, 10.85714, 2], "texture": "#0", "tintindex": 0},
				"south": {"uv": [11.71429, 0.5, 11.28571, 2], "texture": "#0", "tintindex": 0},
				"west": {"uv": [10.42857, 0.5, 10, 2], "texture": "#0", "tintindex": 0},
				"up": {"uv": [10.42857, 0.5, 10.85714, 0], "texture": "#0", "tintindex": 0},
				"down": {"uv": [10.85714, 0, 11.28571, 0.5], "texture": "#0", "tintindex": 0}
			}
		},
		{
			"from": [3.98938, -4.01, -1.01],
			"to": [5.00938, 3.01, 2.01],
			"rotation": {"angle": 22.5, "axis": "x", "origin": [8, 5.3125, 13.00938]},
			"faces": {
				"north": {"uv": [12.14286, 0.5, 12.28571, 1.66667], "texture": "#0", "tintindex": 0},
				"east": {"uv": [11.71429, 0.5, 12.14286, 1.66667], "texture": "#0", "tintindex": 0},
				"south": {"uv": [12.71428, 0.5, 12.85715, 1.66667], "texture": "#0", "tintindex": 0},
				"west": {"uv": [12.28571, 0.5, 12.71428, 1.66667], "texture": "#0", "tintindex": 0},
				"up": {"uv": [12.28571, 0.5, 12.14286, 0], "texture": "#0", "tintindex": 0},
				"down": {"uv": [12.42857, 0, 12.28571, 0.5], "texture": "#0", "tintindex": 0}
			}
		},
		{
			"from": [10.99062, -4.01, -1.01],
			"to": [12.01062, 3.01, 2.01],
			"rotation": {"angle": 22.5, "axis": "x", "origin": [8, 5.3125, 13.00938]},
			"faces": {
				"north": {"uv": [12.28571, 0.5, 12.14286, 1.66667], "texture": "#0", "tintindex": 0},
				"east": {"uv": [12.71428, 0.5, 12.28571, 1.66667], "texture": "#0", "tintindex": 0},
				"south": {"uv": [12.85715, 0.5, 12.71428, 1.66667], "texture": "#0", "tintindex": 0},
				"west": {"uv": [12.14286, 0.5, 11.71429, 1.66667], "texture": "#0", "tintindex": 0},
				"up": {"uv": [12.14286, 0.5, 12.28571, 0], "texture": "#0", "tintindex": 0},
				"down": {"uv": [12.28571, 0, 12.42857, 0.5], "texture": "#0", "tintindex": 0}
			}
		},
		{
			"from": [1.99937, -2.92188, 4.60101],
			"to": [6.99938, 9.07812, 13.60101],
			"rotation": {"angle": 22.5, "axis": "x", "origin": [7.99938, -3.25521, 11.10101]},