{
	"texture_size": [160, 160],
	"textures": {
		"0": "dnd:entity/gigantopithecus",
		"1": "dnd:entity/gigantopithecus_walking"
	},
	"elements": [
		{
			"from": [3.75, 16.5, -2.47222],
			"to": [12.25, 24.5, 5.02778],
			"rotation": {"angle": 0, "axis": "y", "origin": [8, 26.75, 11.52778]},
			"faces": {
				"north": {"uv": [3.8125, 4.375, 4.875, 5.375], "texture": "#0", "tintindex": 0},
				"east": {"uv": [2.875, 4.375, 3.8125, 5.375], "texture": "#0", "tintindex": 0},
				"south": {"uv": [5.8125, 4.375, 6.875, 5.375], "texture": "#0", "tintindex": 0},
				"west": {"uv": [4.875, 4.375, 5.8125, 5.375], "texture": "#0", "tintindex": 0},
				"up": {"uv": [4.875, 4.375, 3.8125, 3.4375], "texture": "#0", "tintindex": 0},
				"down": {"uv": [5.9375, 3.4375, 4.875, 4.375], "texture": "#0", "tintindex": 0}
			}
		},
		{
			"from": [6.25, 16.5, -3.97222],
			"to": [9.75, 19.5, -2.47222],
			"rotation": {"angle": 0, "axis": "y", "origin": [8, 26.75, 11.52778]},
			"faces": {
				"north": {"uv": [2.3125, 3.625, 2.75, 4], "texture": "#0", "tintindex": 0},
				"east": {"uv": [2.125, 3.625, 2.3125, 4], "texture": "#0", "tintindex": 0},
				"south": {"uv": [2.9375, 3.625, 3.375, 4], "texture": "#0", "tintindex": 0},
				"west": {"uv": [2.75, 3.625, 2.9375, 4], "texture": "#0", "tintindex": 0},
				"up": {"uv": [2.75, 3.625, 2.3125, 3.4375], "texture": "#0", "tintindex": 0},
				"down": {"uv": [3.1875, 3.4375, 2.75, 3.625], "texture": "#0", "tintindex": 0}
			}
		},
		{
			"from": [2.75, 17, -2.47222],
			"to": [3.75, 23.5, -1.47222],
			"shade": false,
			"rotation": {"angle": 0, "axis": "y", "origin": [8, 26.75, 11.52778]},
			"faces": {
				"north": {"uv": [0.25, 0.125, 0.125, 0.9375], "texture": "#0", "tintindex": 0},
				"east": {"uv": [0.375, 0.125, 0.25, 0.9375], "texture": "#0", "tintindex": 0},
				"south": {"uv": [0.5, 0.125, 0.375, 0.9375], "texture": "#0", "tintindex": 0},
				"west": {"uv": [0.125, 0.125, 0, 0.9375], "texture": "#0", "tintindex": 0},
				"up": {"uv": [0.125, 0.125, 0.25, 0], "texture": "#0", "tintindex": 0},
				"down": {"uv": [0.25, 0, 0.375, 0.125], "texture": "#0", "tintindex": 0}
			}
		},
		{
			"from": [12.25, 17, -2.47222],
			"to": [13.25, 23.5, -1.47222],
			"rotation": {"angle": 0, "axis": "y", "origin": [8, 26.75, 11.52778]},
			"faces": {
				"north": {"uv": [0.125, 0.125, 0.25, 0.9375], "texture": "#0", "tintindex": 0},
				"east": {"uv": [0, 0.125, 0.125, 0.9375], "texture": "#0", "tintindex": 0},
				"south": {"uv": [0.375, 0.125, 0.5, 0.9375], "texture": "#0", "tintindex": 0},
				"west": {"uv": [0.25, 0.125, 0.375, 0.9375], "texture": "#0", "tintindex": 0},
				"up": {"uv": [0.25, 0.125, 0.125, 0], "texture": "#0", "tintindex": 0},
				"down": {"uv": [0.375, 0, 0.25, 0.125], "texture": "#0", "tintindex": 0}
			}
		},
		{
			"from": [1.25, 5.5, 9.52778],
			"to": [14.75, 23.5, 19.02778],
			"rotation": {"angle": -45, "axis": "x", "origin": [8, 5.5, 14.27778]},
			"faces": {
				"north": {"uv": [1.1875, 1.1875, 2.875, 3.4375], "texture": "#0", "tintindex": 0},
				"east": {"uv": [0, 1.1875, 1.1875, 3.4375], "texture": "#0", "tintindex": 0},
				"south": {"uv": [4.0625, 1.1875, 5.75, 3.4375], "texture": "#0", "tintindex": 0},
				"west": {"uv": [2.875, 1.1875, 4.0625, 3.4375], "texture": "#0", "tintindex": 0},
				"up": {"uv": [2.875, 1.1875, 1.1875, 0], "texture": "#0", "tintindex": 0},
				"down": {"uv": [4.5625, 0, 2.875, 1.1875], "texture": "#0", "tintindex": 0}
			}
		},
		{
			"from": [-3, 0, -0.22222],
			"to": [3, 18, 5.27778],
			"shade": false,
			"rotation": {"angle": 0, "axis": "y", "origin": [8, 18, 2.52778]},
			"faces": {
				"north": {"uv": [1.2, 1.2, 0, 4.8], "texture": "#1", "tintindex": 0},
				"east": {"uv": [2.3, 1.2, 1.2, 4.8], "texture": "#1", "tintindex": 0},
				"south": {"uv": [3.5, 1.2, 2.3, 4.8], "texture": "#1", "tintindex": 0},
				"west": {"uv": [4.6, 1.2, 3.5, 4.8], "texture": "#1", "tintindex": 0},
				"up": {"uv": [1.2, 1.2, 2.3, 0], "rotation": 90, "texture": "#1", "tintindex": 0},
				"down": {"uv": [2.3, 0, 3.4, 1.2], "rotation": 270, "texture": "#1", "tintindex": 0}
			}
		},
		{
			"from": [9.275, 0, 11.52778],
			"to": [14.775, 5.5, 17.02778],
			"shade": false,
			"rotation": {"angle": 0, "axis": "y", "origin": [8, 5.5, 14.27778]},
			"faces": {
				"north": {"uv": [1.1, 5.9, 2.2, 7], "texture": "#1", "tintindex": 0},
				"east": {"uv": [0, 5.9, 1.1, 7], "texture": "#1", "tintindex": 0},
				"south": {"uv": [3.3, 5.9, 4.4, 7], "texture": "#1", "tintindex": 0},
				"west": {"uv": [2.2, 5.9, 3.3, 7], "texture": "#1", "tintindex": 0},
				"up": {"uv": [1.1, 4.8, 2.2, 5.9], "texture": "#1", "tintindex": 0},
				"down": {"uv": [2.2, 4.8, 3.3, 5.9], "texture": "#1", "tintindex": 0}
			}
		},
		{
			"from": [1.225, 0, 11.52778],
			"to": [6.725, 5.5, 17.02778],
			"shade": false,
			"rotation": {"angle": 0, "axis": "y", "origin": [8, 5.5, 14.27778]},
			"faces": {
				"north": {"uv": [2.2, 5.9, 1.1, 7], "texture": "#1", "tintindex": 0},
				"east": {"uv": [3.3, 5.9, 2.2, 7], "texture": "#1", "tintindex": 0},
				"south": {"uv": [4.4, 5.9, 3.3, 7], "texture": "#1", "tintindex": 0},
				"west": {"uv": [1.1, 5.9, 0, 7], "texture": "#1", "tintindex": 0},
				"up": {"uv": [2.2, 4.8, 1.1, 5.9], "texture": "#1", "tintindex": 0},
				"down": {"uv": [3.3, 4.8, 2.2, 5.9], "texture": "#1", "tintindex": 0}
			}
		},
		{
			"from": [13, 0, -0.22222],
			"to": [19, 18, 5.27778],
			"shade": false,
			"rotation": {"angle": 0, "axis": "y", "origin": [8, 18, 2.52778]},
			"faces": {
				"north": {"uv": [0, 1.2, 1.2, 4.8], "texture": "#1", "tintindex": 0},
				"east": {"uv": [3.5, 1.2, 4.6, 4.8], "texture": "#1", "tintindex": 0},
				"south": {"uv": [2.3, 1.2, 3.5, 4.8], "texture": "#1", "tintindex": 0},
				"west": {"uv": [1.2, 1.2, 2.3, 4.8], "texture": "#1", "tintindex": 0},
				"up": {"uv": [1.2, 0, 2.3, 1.2], "rotation": 90, "texture": "#1", "tintindex": 0},
				"down": {"uv": [2.3, 1.2, 3.4, 0], "rotation": 270, "texture": "#1", "tintindex": 0}
			}
		},
		{
			"from": [-3, 0, -0.22222],
			"to": [3, 18, 5.27778],
			"shade": false,
			"rotation": {"angle": -22.5, "axis": "x", "origin": [8, 18, 2.52778]},
			"faces": {
				"north": {"uv": [9.2, 1.2, 8, 4.8], "texture": "#1", "tintindex": 0},
				"east": {"uv": [10.3, 1.2, 9.2, 4.8], "texture": "#1", "tintindex": 0},
				"south": {"uv": [11.5, 1.2, 10.3, 4.8], "texture": "#1", "tintindex": 0},
				"west": {"uv": [12.6, 1.2, 11.5, 4.8], "texture": "#1", "tintindex": 0},
				"up": {"uv": [9.2, 1.2, 10.3, 0], "rotation": 90, "texture": "#1", "tintindex": 0},
				"down": {"uv": [10.3, 0, 11.4, 1.2], "rotation": 270, "texture": "#1", "tintindex": 0}
			}
		},
		{
			"from": [9.275, 0, 11.52778],
			"to": [14.775, 5.5, 17.02778],
			"shade": false,
			"rotation": {"angle": -22.5, "axis": "x", "origin": [8, 5.5, 14.27778]},
			"faces": {
				"north": {"uv": [9.1, 5.9, 10.2, 7], "texture": "#1", "tintindex": 0},
				"east": {"uv": [8, 5.9, 9.1, 7], "texture": "#1", "tintindex": 0},
				"south": {"uv": [11.3, 5.9, 12.4, 7], "texture": "#1", "tintindex": 0},
				"west": {"uv": [10.2, 5.9, 11.3, 7], "texture": "#1", "tintindex": 0},
				"up": {"uv": [9.1, 4.8, 10.2, 5.9], "texture": "#1", "tintindex": 0},
				"down": {"uv": [10.2, 4.8, 11.3, 5.9], "texture": "#1", "tintindex": 0}
			}
		},
		{
			"from": [1.225, 0, 11.52778],
			"to": [6.725, 5.5, 17.02778],
			"shade": false,
			"rotation": {"angle": 22.5, "axis": "x", "origin": [8, 5.5, 14.27778]},
			"faces": {
				"north": {"uv": [10.2, 5.9, 9.1, 7], "texture": "#1", "tintindex": 0},
				"east": {"uv": [11.3, 5.9, 10.2, 7], "texture": "#1", "tintindex": 0},
				"south": {"uv": [12.4, 5.9, 11.3, 7], "texture": "#1", "tintindex": 0},
				"west": {"uv": [9.1, 5.9, 8, 7], "texture": "#1", "tintindex": 0},
				"up": {"uv": [10.2, 4.8, 9.1, 5.9], "texture": "#1", "tintindex": 0},
				"down": {"uv": [11.3, 4.8, 10.2, 5.9], "texture": "#1", "tintindex": 0}
			}
		},
		{
			"from": [13, 0, -0.22222],