{
	"texture_size": [256, 256],
	"textures": {
		"0": "dnd:entity/acrocanthosaurus"
	},
	"elements": [
		{
			"from": [2.49667, 2.21875, -11.82853],
			"to": [13.49667, 16.21875, 17.17147],
			"rotation": {"angle": 22.5, "axis": "x", "origin": [8, 7.38445, 3.65689]},
			"faces": {
				"north": {"uv": [3.625, 3.625, 5, 5.375], "texture": "#0", "tintindex": 0},
				"east": {"uv": [0, 3.625, 3.625, 5.375], "texture": "#0", "tintindex": 0},
				"south": {"uv": [8.625, 3.625, 10, 5.375], "texture": "#0", "tintindex": 0},
				"west": {"uv": [5, 3.625, 8.625, 5.375], "texture": "#0", "tintindex": 0},
				"up": {"uv": [5, 3.625, 3.625, 0], "texture": "#0", "tintindex": 0},
				"down": {"uv": [6.375, 0, 5, 3.625], "texture": "#0", "tintindex": 0}
			}
		},
		{
			"from": [7.76192, 14.21875, -9.32852],
			"to": [8.26192, 17.21875, 18.17148],
			"rotation": {"angle": 22.5, "axis": "x", "origin": [8, 7.38445, 3.65689]},
			"faces": {
				"north": {"uv": [10.9375, 6.875, 11, 7.25], "texture": "#0", "tintindex": 0},
				"east": {"uv": [7.5, 6.875, 10.9375, 7.25], "texture": "#0", "tintindex": 0},
				"south": {"uv": [14.4375, 6.875, 14.5, 7.25], "texture": "#0", "tintindex": 0},
				"west": {"uv": [11, 6.875, 14.4375, 7.25], "texture": "#0", "tintindex": 0},
				"up": {"uv": [11, 6.875, 10.9375, 3.4375], "texture": "#0", "tintindex": 0},
				"down": {"uv": [11.0625, 3.4375, 11, 6.875], "texture": "#0", "tintindex": 0}
			}
		},
		{
			"from": [3.99232, 3.57695, 11.43122],
			"to": [11.99232, 13.07695, 29.43122],
			"rotation": {"angle": 22.5, "axis": "x", "origin": [8, -7.61555, 3.65689]},
			"faces": {
				"north": {"uv": [8.625, 2.25, 9.625, 3.4375], "texture": "#0", "tintindex": 0},
				"east": {"uv": [6.375, 2.25, 8.625, 3.4375], "texture": "#0", "tintindex": 0},
				"south": {"uv": [11.875, 2.25, 12.875, 3.4375], "texture": "#0", "tintindex": 0},
				"west": {"uv": [9.625, 2.25, 11.875, 3.4375], "texture": "#0", "tintindex": 0},
				"up": {"uv": [9.625, 2.25, 8.625, 0], "texture": "#0", "tintindex": 0},
				"down": {"uv": [10.625, 0, 9.625, 2.25], "texture": "#0", "tintindex": 0}
			}
		},
		{
			"from": [7.76192, 11.57695, 12.43122],
			"to": [8.26192, 14.07695, 30.43122],
			"rotation": {"angle": 22.5, "axis": "x", "origin": [8, -7.61555, 3.65689]},
			"faces": {
				"north": {"uv": [7.875, 9.5625, 7.9375, 9.875], "texture": "#0", "tintindex": 0},
				"east": {"uv": [5.625, 9.5625, 7.875, 9.875], "texture": "#0", "tintindex": 0},
				"south": {"uv": [10.1875, 9.5625, 10.25, 9.875], "texture": "#0", "tintindex": 0},
				"west": {"uv": [7.9375, 9.5625, 10.1875, 9.875], "texture": "#0", "tintindex": 0},
				"up": {"uv": [7.9375, 9.5625, 7.875, 7.3125], "texture": "#0", "tintindex": 0},
				"down": {"uv": [8, 7.3125, 7.9375, 9.5625], "texture": "#0", "tintindex": 0}
			}
		},
		{
			"from": [5.99232, -0.46173, 1.04566],
			"to": [9.99232, 6.03827, 28.04566],
			"rotation": {"angle": 22.5, "axis": "x", "origin": [8, -81.61555, 3.65689]},
			"faces": {
				"north": {"uv": [3.375, 8.75, 3.875, 9.5625], "texture": "#0", "tintindex": 0},
				"east": {"uv": [0, 8.75, 3.375, 9.5625], "texture": "#0", "tintindex": 0},
				"south": {"uv": [7.25, 8.75, 7.75, 9.5625], "texture": "#0", "tintindex": 0},
				"west": {"uv": [3.875, 8.75, 7.25, 9.5625], "texture": "#0", "tintindex": 0},
				"up": {"uv": [3.875, 8.75, 3.375, 5.375], "texture": "#0", "tintindex": 0},
				"down": {"uv": [4.375, 5.375, 3.875, 8.75], "texture": "#0", "tintindex": 0}
			}
		},
		{
			"from": [7.75, 6.03827, 2.04566],
			"to": [8.25, 7.03827, 28.04566],
			"rotation": {"angle": 22.5, "axis": "x", "origin": [8, -81.61555, 3.65689]},
			"faces": {
				"north": {"uv": [10.25, 10.5, 10.3125, 10.625], "texture": "#0", "tintindex": 0},
				"east": {"uv": [7, 10.5, 10.25, 10.625], "texture": "#0", "tintindex": 0},
				"south": {"uv": [13.5625, 10.5, 13.625, 10.625], "texture": "#0", "tintindex": 0},
				"west": {"uv": [10.3125, 10.5, 13.5625, 10.625], "texture": "#0", "tintindex": 0},
				"up": {"uv": [10.3125, 10.5, 10.25, 7.25], "texture": "#0", "tintindex": 0},
				"down": {"uv": [10.375, 7.25, 10.3125, 10.5], "texture": "#0", "tintindex": 0}
			}
		},
		{
			"from": [5.49232, 8.61133, -2.78656],
			"to": [10.49232, 20.61133, 4.21344],
			"rotation": {"angle": 22.5, "axis": "x", "origin": [8, 45.38445, 3.65689]},
			"faces": {
				"north": {"uv": [0.875, 6.25, 1.5, 7.75], "texture": "#0", "tintindex": 0},
				"east": {"uv": [0, 6.25, 0.875, 7.75], "texture": "#0", "tintindex": 0},
				"south": {"uv": [2.375, 6.25, 3, 7.75], "texture": "#0", "tintindex": 0},
				"west": {"uv": [1.5, 6.25, 2.375, 7.75], "texture": "#0", "tintindex": 0},
				"up": {"uv": [1.5, 6.25, 0.875, 5.375], "texture": "#0", "tintindex": 0},
				"down": {"uv": [2.125, 5.375, 1.5, 6.25], "texture": "#0", "tintindex": 0}
			}
		},
		{
			"from": [4.99232, 13.63633, -7.28656],
			"to": [10.99232, 20.63633, -1.78656],
			"rotation": {"angle": 22.5, "axis": "x", "origin": [8, 45.38445, 3.65689]},
			"faces": {
				"north": {"uv": [5.3125, 6.0625, 6.0625, 6.9375], "texture": "#0", "tintindex": 0},
				"east": {"uv": [4.625, 6.0625, 5.3125, 6.9375], "texture": "#0", "tintindex": 0},
				"south": {"uv": [6.75, 6.0625, 7.5, 6.9375], "texture": "#0", "tintindex": 0},
				"west": {"uv": [6.0625, 6.0625, 6.75, 6.9375], "texture": "#0", "tintindex": 0},
				"up": {"uv": [6.0625, 6.0625, 5.3125, 5.375], "texture": "#0", "tintindex": 0},
				"down": {"uv": [6.8125, 5.375, 6.0625, 6.0625], "texture": "#0", "tintindex": 0}
			}
		},
		{
			"from": [5.50212, 15.13633, -14.28656],
			"to": [10.50212, 20.63633, -7.28656],
			"rotation": {"angle": 22.5, "axis": "x", "origin": [8, 45.38445, 3.65689]},
			"faces": {
				"north": {"uv": [5.5, 7.8125, 6.125, 8.5], "texture": "#0", "tintindex": 0},
				"east": {"uv": [4.625, 7.8125, 5.5, 8.5], "texture": "#0", "tintindex": 0},
				"south": {"uv": [7, 7.8125, 7.625, 8.5], "texture": "#0", "tintindex": 0},
				"west": {"uv": [6.125, 7.8125, 7, 8.5], "texture": "#0", "tintindex": 0},
				"up": {"uv": [6.125, 7.8125, 5.5, 6.9375], "texture": "#0", "tintindex": 0},
				"down": {"uv": [6.75, 6.9375, 6.125, 7.8125], "texture": "#0", "tintindex": 0}
			}
		},
		{
			"from": [7.76192, 19.11133, -2.78656],
			"to": [8.26192, 21.61133, 5.21344],
			"rotation": {"angle": 22.5, "axis": "x", "origin": [8, 45.38445, 3.65689]},
			"faces": {
				"north": {"uv": [7.4375, 1, 7.5, 1.3125], "texture": "#0", "tintindex": 0},
				"east": {"uv": [6.4375, 1, 7.4375, 1.3125], "texture": "#0", "tintindex": 0},
				"south": {"uv": [8.5, 1, 8.5625, 1.3125], "texture": "#0", "tintindex": 0},
				"west": {"uv": [7.5, 1, 8.5, 1.3125], "texture": "#0", "tintindex": 0},
				"up": {"uv": [7.5, 1, 7.4375, 0], "texture": "#0", "tintindex": 0},
				"down": {"uv": [7.5625, 0, 7.5, 1], "texture": "#0", "tintindex": 0}
			}
		},
		{
			"from": [0.99667, -1.78125, 2.63041],
			"to": [6.49667, 10.71875, 12.63041],
			"rotation": {"angle": 22.5, "axis": "x", "origin": [8, 7.38445, 3.65689]},
			"faces": {
				"north": {"uv": [1.25, 10.8125, 1.9375, 12.375], "texture": "#0", "tintindex": 0},
				"east": {"uv": [0, 10.8125, 1.25, 12.375], "texture": "#0", "tintindex": 0},
				"south": {"uv": [3.1875, 10.8125, 3.875, 12.375], "texture": "#0", "tintindex": 0},
				"west": {"uv": [1.9375, 10.8125, 3.1875, 12.375], "texture": "#0", "tintindex": 0},
				"up": {"uv": [1.9375, 10.8125, 1.25, 9.5625], "texture": "#0", "tintindex": 0},
				"down": {"uv": [2.625, 9.5625, 1.9375, 10.8125], "texture": "#0", "tintindex": 0}
			}
		},
		{
			"from": [9.50757, -1.78125, 2.63041],
			"to": [15.00757, 10.71875, 12.63041],
			"shade": false,
			"rotation": {"angle": 22.5, "axis": "x", "origin": [8, 7.38445, 3.65689]},
			"faces": {
				"north": {"uv": [1.9375, 10.8125, 1.25, 12.375], "texture": "#0", "tintindex": 0},
				"east": {"uv": [3.1875, 10.8125, 1.9375, 12.375], "texture": "#0", "tintindex": 0},
				"south": {"uv": [3.875, 10.8125, 3.1875, 12.375],