{
	"texture_size": [128, 128],
	"textures": {
		"0": "dnd:entity/gallimimus"
	},
	"elements": [
		{
			"from": [2.99827, 7, -7.5],
			"to": [12.99827, 20, 20.5],
			"rotation": {"angle": 22.5, "axis": "x", "origin": [8, 6.20588, 9.08824]},
			"faces": {
				"north": {"uv": [3.5, 3.5, 4.75, 5.125], "texture": "#0", "tintindex": 0},
				"east": {"uv": [0, 3.5, 3.5, 5.125], "texture": "#0", "tintindex": 0},
				"south": {"uv": [8.25, 3.5, 9.5, 5.125], "texture": "#0", "tintindex": 0},
				"west": {"uv": [4.75, 3.5, 8.25, 5.125], "texture": "#0", "tintindex": 0},
				"up": {"uv": [4.75, 3.5, 3.5, 0], "texture": "#0", "tintindex": 0},
				"down": {"uv": [6, 0, 4.75, 3.5], "texture": "#0", "tintindex": 0}
			}
		},
		{
			"from": [4.99827, 8.71639, 9.0195],
			"to": [10.99827, 17.71639, 26.0195],
			"rotation": {"angle": 22.5, "axis": "x", "origin": [8, -23.79412, 9.08824]},
			"faces": {
				"north": {"uv": [6.125, 7.25, 6.875, 8.375], "texture": "#0", "tintindex": 0},
				"east": {"uv": [4, 7.25, 6.125, 8.375], "texture": "#0", "tintindex": 0},
				"south": {"uv": [9, 7.25, 9.75, 8.375], "texture": "#0", "tintindex": 0},
				"west": {"uv": [6.875, 7.25, 9, 8.375], "texture": "#0", "tintindex": 0},
				"up": {"uv": [6.875, 7.25, 6.125, 5.125], "texture": "#0", "tintindex": 0},
				"down": {"uv": [7.625, 5.125, 6.875, 7.25], "texture": "#0", "tintindex": 0}
			}
		},
		{
			"from": [6.49827, 6.76856, 1.14507],
			"to": [9.49827, 12.76856, 27.14507],
			"rotation": {"angle": 22.5, "axis": "x", "origin": [8, -88.79412, 9.08824]},
			"faces": {
				"north": {"uv": [3.25, 8.375, 3.625, 9.125], "texture": "#0", "tintindex": 0},
				"east": {"uv": [0, 8.375, 3.25, 9.125], "texture": "#0", "tintindex": 0},
				"south": {"uv": [6.875, 8.375, 7.25, 9.125], "texture": "#0", "tintindex": 0},
				"west": {"uv": [3.625, 8.375, 6.875, 9.125], "texture": "#0", "tintindex": 0},
				"up": {"uv": [3.625, 8.375, 3.25, 5.125], "texture": "#0", "tintindex": 0},
				"down": {"uv": [4, 5.125, 3.625, 8.375], "texture": "#0", "tintindex": 0}
			}
		},
		{
			"from": [5.99827, -1.08519, -6.36571],
			"to": [9.99827, 2.91481, 7.63429],
			"rotation": {"angle": 22.5, "axis": "x", "origin": [8, 36.20588, 57.08824]},
			"faces": {
				"north": {"uv": [9.5, 5.125, 10, 5.625], "texture": "#0", "tintindex": 0},
				"east": {"uv": [7.75, 5.125, 9.5, 5.625], "texture": "#0", "tintindex": 0},
				"south": {"uv": [11.75, 5.125, 12.25, 5.625], "texture": "#0", "tintindex": 0},
				"west": {"uv": [10, 5.125, 11.75, 5.625], "texture": "#0", "tintindex": 0},
				"up": {"uv": [10, 5.125, 9.5, 3.375], "texture": "#0", "tintindex": 0},
				"down": {"uv": [10.5, 3.375, 10, 5.125], "texture": "#0", "tintindex": 0}
			}
		},
		{
			"from": [5.99827, 2.91481, -6.36571],
			"to": [9.99827, 8.91481, -2.36571],
			"rotation": {"angle": 22.5, "axis": "x", "origin": [8, 36.20588, 57.08824]},
			"faces": {
				"north": {"uv": [9.125, 0.5, 9.625, 1.25], "texture": "#0", "tintindex": 0},
				"east": {"uv": [8.625, 0.5, 9.125, 1.25], "texture": "#0", "tintindex": 0},
				"south": {"uv": [10.125, 0.5, 10.625, 1.25], "texture": "#0", "tintindex": 0},
				"west": {"uv": [9.625, 0.5, 10.125, 1.25], "texture": "#0", "tintindex": 0},
				"up": {"uv": [9.625, 0.5, 9.125, 0], "texture": "#0", "tintindex": 0},
				"down": {"uv": [10.125, 0, 9.625, 0.5], "texture": "#0", "tintindex": 0}
			}
		},
		{
			"from": [5.99827, 8.91481, -8.36571],
			"to": [9.99827, 13.91481, -2.36571],
			"rotation": {"angle": 22.5, "axis": "x", "origin": [8, 36.20588, 57.08824]},
			"faces": {
				"north": {"uv": [0.75, 5.875, 1.25, 6.5], "texture": "#0", "tintindex": 0},
				"east": {"uv": [0, 5.875, 0.75, 6.5], "texture": "#0", "tintindex": 0},
				"south": {"uv": [2, 5.875, 2.5, 6.5], "texture": "#0", "tintindex": 0},
				"west": {"uv": [1.25, 5.875, 2, 6.5], "texture": "#0", "tintindex": 0},
				"up": {"uv": [1.25, 5.875, 0.75, 5.125], "texture": "#0", "tintindex": 0},
				"down": {"uv": [1.75, 5.125, 1.25, 5.875], "texture": "#0", "tintindex": 0}
			}
		},
		{
			"from": [5.99827, 9.91481, -14.36571],
			"to": [9.99827, 13.91481, -8.36571],
			"rotation": {"angle": 22.5, "axis": "x", "origin": [8, 36.20588, 57.08824]},
			"faces": {
				"north": {"uv": [0.75, 7.25, 1.25, 7.75], "texture": "#0", "tintindex": 0},
				"east": {"uv": [0, 7.25, 0.75, 7.75], "texture": "#0", "tintindex": 0},
				"south": {"uv": [2, 7.25, 2.5, 7.75], "texture": "#0", "tintindex": 0},
				"west": {"uv": [1.25, 7.25, 2, 7.75], "texture": "#0", "tintindex": 0},
				"up": {"uv": [1.25, 7.25, 0.75, 6.5], "texture": "#0", "tintindex": 0},
				"down": {"uv": [1.75, 6.5, 1.25, 7.25], "texture": "#0", "tintindex": 0}
			}
		},
		{
			"from": [0.99827, -0.04343, 10.45447],
			"to": [5.99827, 12.95657, 21.45447],
			"rotation": {"angle": 22.5, "axis": "x", "origin": [8.00121, 12.61073, 15.70198]},
			"faces": {
				"north": {"uv": [7.375, 1.375, 8, 3], "texture": "#0", "tintindex": 0},
				"east": {"uv": [6, 1.375, 7.375, 3], "texture": "#0", "tintindex": 0},
				"south": {"uv": [9.375, 1.375, 10, 3], "texture": "#0", "tintindex": 0},
				"west": {"uv": [8, 1.375, 9.375, 3], "texture": "#0", "tintindex": 0},
				"up": {"uv": [8, 1.375, 7.375, 0], "texture": "#0", "tintindex": 0},
				"down": {"uv": [8.625, 0, 8, 1.375], "texture": "#0", "tintindex": 0}
			}
		},
		{
			"from": [10.00415, -0.04343, 10.45447],
			"to": [15.00415, 12.95657, 21.45447],
			"shade": false,
			"rotation": {"angle": 22.5, "axis": "x", "origin": [8.00121, 12.61073, 15.70198]},
			"faces": {
				"north": {"uv": [8, 1.375, 7.375, 3], "texture": "#0", "tintindex": 0},
				"east": {"uv": [9.375, 1.375, 8, 3], "texture": "#0", "tintindex": 0},
				"south": {"uv": [10, 1.375, 9.375, 3], "texture": "#0", "tintindex": 0},
				"west": {"uv": [7.375, 1.375, 6, 3], "texture": "#0", "tintindex": 0},
				"up": {"uv": [7.375, 1.375, 8, 0], "texture": "#0", "tintindex": 0},
				"down": {"uv": [8, 0, 8.625, 1.375], "texture": "#0", "tintindex": 0}
			}
		},
		{
			"from": [2.97327, 3.75322, -0.08931],
			"to": [2.97327, 14.75322, 4.91069],
			"rotation": {"angle": 22.5, "axis": "x", "origin": [8.00121, 14.64217, -1.65444]},
			"faces": {
				"north": {"uv": [4.625, 5.125, 4.625, 6.5], "texture": "#0", "tintindex": 0},
				"east": {"uv": [4, 5.125, 4.625, 6.5], "texture": "#0", "tintindex": 0},
				"south": {"uv": [5.25, 5.125, 5.25, 6.5], "texture": "#0", "tintindex": 0},
				"west": {"uv": [4.625, 5.125, 5.25, 6.5], "texture": "#0", "tintindex": 0},
				"up": {"uv": [4.625, 5.125, 4.625, 4.5], "texture": "#0", "tintindex": 0},
				"down": {"uv": [4.625, 4.5, 4.625, 5.125], "texture": "#0", "tintindex": 0}
			}
		},
		{
			"from": [13.02915, 3.75322, -0.08931],
			"to": [13.02915, 14.75322, 4.91069],
			"shade": false,
			"rotation": {"angle": 22.5, "axis": "x", "origin": [8.00121, 14.64217, -1.65444]},
			"faces": {
				"north": {"uv": [4.625, 5.125, 4.625, 6.5], "texture": "#0", "tintindex": 0},
				"east": {"uv": [5.25, 5.125, 4.625, 6.5], "texture": "#0", "tintindex": 0},
				"south": {"uv": [5.25, 5.125, 5.25, 6.5], "texture": "#0", "tintindex": 0},
				"west": {"uv": [4.625, 5.125, 4, 6.5], "texture": "#0", "tintindex": 0},
				"up": {"uv": [4.625, 5.125, 4.625, 4.5], "texture": "#0", "tintindex": 0},
				"down": {"uv": [4.625, 4.5, 4.625, 5.125], "texture": "#0", "tintindex": 0}
			}
		},
		{
			"from": [1.97327, 2.75322, -3.08931],
			"to": [3.97327, 14.75322, -0.08931],
			"rotation": {"angle": 22.5, "axis": "x", "origin": [8.00121, 14.64217, -1.65444]},
			"faces": {
				"north": {"uv": [2.125, 0.375, 2.375, 1.875], "texture": "#0", "tintindex": 0},
				"east": {"uv": [1.75, 0.375, 2.125, 1.875], "texture": "#0", "tintindex": 0},
				"south": {"uv": [2.75, 0.375, 3, 1.875], "texture": "#0", "tintindex": 0},
				"west": {"uv": [2.375, 0.375, 2.75, 1.875], "texture": "#0", "tintindex": 0},
				"up": {"uv": [2.375, 0.375, 2.125, 0], "texture": "#0", "tintindex": 0},