{
	"texture_size": [128, 128],
	"textures": {
		"0": "dnd:entity/corythosaurus",
		"1": "dnd:entity/corythosaurus_walking"
	},
	"elements": [
		{
			"from": [-1.81818, 5, -13],
			"to": [18.18182, 30, 27],
			"rotation": {"angle": 22.5, "axis": "x", "origin": [8.18182, 9.38182, 7.95455]},
			"faces": {
				"north": {"uv": [2.5, 2.5, 3.75, 4.0625], "texture": "#0", "tintindex": 0},
				"east": {"uv": [0, 2.5, 2.5, 4.0625], "texture": "#0", "tintindex": 0},
				"south": {"uv": [6.25, 2.5, 7.5, 4.0625], "texture": "#0", "tintindex": 0},
				"west": {"uv": [3.75, 2.5, 6.25, 4.0625], "texture": "#0", "tintindex": 0},
				"up": {"uv": [3.75, 2.5, 2.5, 0], "texture": "#0", "tintindex": 0},
				"down": {"uv": [5, 0, 3.75, 2.5], "texture": "#0", "tintindex": 0}
			}
		},
		{
			"from": [1.18182, 8.52976, -5.52809],
			"to": [15.18182, 22.52976, 23.47191],
			"rotation": {"angle": 22.5, "axis": "x", "origin": [8.18182, -75.61818, 7.95455]},
			"faces": {
				"north": {"uv": [1.8125, 5.875, 2.6875, 6.75], "texture": "#0", "tintindex": 0},
				"east": {"uv": [0, 5.875, 1.8125, 6.75], "texture": "#0", "tintindex": 0},
				"south": {"uv": [4.5, 5.875, 5.375, 6.75], "texture": "#0", "tintindex": 0},
				"west": {"uv": [2.6875, 5.875, 4.5, 6.75], "texture": "#0", "tintindex": 0},
				"up": {"uv": [2.6875, 5.875, 1.8125, 4.0625], "texture": "#0", "tintindex": 0},
				"down": {"uv": [3.5625, 4.0625, 2.6875, 5.875], "texture": "#0", "tintindex": 0}
			}
		},
		{
			"from": [4, 7.48651, -3.76509],
			"to": [12, 17.48651, 21.23491],
			"rotation": {"angle": 22.5, "axis": "x", "origin": [8, -146.10463, 4.49943]},
			"faces": {
				"north": {"uv": [6.5625, 1.5625, 7.0625, 2.1875], "texture": "#0", "tintindex": 0},
				"east": {"uv": [5, 1.5625, 6.5625, 2.1875], "texture": "#0", "tintindex": 0},
				"south": {"uv": [8.625, 1.5625, 9.125, 2.1875], "texture": "#0", "tintindex": 0},
				"west": {"uv": [7.0625, 1.5625, 8.625, 2.1875], "texture": "#0", "tintindex": 0},
				"up": {"uv": [7.0625, 1.5625, 6.5625, 0], "texture": "#0", "tintindex": 0},
				"down": {"uv": [7.5625, 0, 7.0625, 1.5625], "texture": "#0", "tintindex": 0}
			}
		},
		{
			"from": [4.18182, 13.40455, 2.17052],
			"to": [12.18182, 24.50455, 14.17052],
			"rotation": {"angle": 22.5, "axis": "x", "origin": [8.18182, 80.38182, 7.95455]},
			"faces": {
				"north": {"uv": [0.75, 7.5, 1.25, 8.1875], "texture": "#0", "tintindex": 0},
				"east": {"uv": [0, 7.5, 0.75, 8.1875], "texture": "#0", "tintindex": 0},
				"south": {"uv": [2, 7.5, 2.5, 8.1875], "texture": "#0", "tintindex": 0},
				"west": {"uv": [1.25, 7.5, 2, 8.1875], "texture": "#0", "tintindex": 0},
				"up": {"uv": [1.25, 7.5, 0.75, 6.75], "texture": "#0", "tintindex": 0},
				"down": {"uv": [1.75, 6.75, 1.25, 7.5], "texture": "#0", "tintindex": 0}
			}
		},
		{
			"from": [5.18182, 13.40455, -8.82948],
			"to": [11.18182, 26.50455, 2.17052],
			"rotation": {"angle": 22.5, "axis": "x", "origin": [8.18182, 80.38182, 7.95455]},
			"faces": {
				"north": {"uv": [4.25, 4.75, 4.625, 5.5625], "texture": "#0", "tintindex": 0},
				"east": {"uv": [3.5625, 4.75, 4.25, 5.5625], "texture": "#0", "tintindex": 0},
				"south": {"uv": [5.3125, 4.75, 5.6875, 5.5625], "texture": "#0", "tintindex": 0},
				"west": {"uv": [4.625, 4.75, 5.3125, 5.5625], "texture": "#0", "tintindex": 0},
				"up": {"uv": [4.625, 4.75, 4.25, 4.0625], "texture": "#0", "tintindex": 0},
				"down": {"uv": [5, 4.0625, 4.625, 4.75], "texture": "#0", "tintindex": 0}
			}
		},
		{
			"from": [6.18182, 20.40455, -13.82948],
			"to": [10.18182, 26.50455, -8.82948],
			"rotation": {"angle": 22.5, "axis": "x", "origin": [8.18182, 80.38182, 7.95455]},
			"faces": {
				"north": {"uv": [5.3125, 1.1875, 5.5625, 1.5625], "texture": "#0", "tintindex": 0},
				"east": {"uv": [5, 1.1875, 5.3125, 1.5625], "texture": "#0", "tintindex": 0},
				"south": {"uv": [5.875, 1.1875, 6.125, 1.5625], "texture": "#0", "tintindex": 0},
				"west": {"uv": [5.5625, 1.1875, 5.875, 1.5625], "texture": "#0", "tintindex": 0},
				"up": {"uv": [5.5625, 1.1875, 5.3125, 0.875], "texture": "#0", "tintindex": 0},
				"down": {"uv": [5.8125, 0.875, 5.5625, 1.1875], "texture": "#0", "tintindex": 0}
			}
		},
		{
			"from": [7.18182, 26.40455, -7.82948],
			"to": [9.18182, 31.50455, -0.82948],
			"rotation": {"angle": 22.5, "axis": "x", "origin": [8.18182, 80.38182, 7.95455]},
			"faces": {
				"north": {"uv": [5.4375, 0.4375, 5.5625, 0.75], "texture": "#0", "tintindex": 0},
				"east": {"uv": [5, 0.4375, 5.4375, 0.75], "texture": "#0", "tintindex": 0},
				"south": {"uv": [6, 0.4375, 6.125, 0.75], "texture": "#0", "tintindex": 0},
				"west": {"uv": [5.5625, 0.4375, 6, 0.75], "texture": "#0", "tintindex": 0},
				"up": {"uv": [5.5625, 0.4375, 5.4375, 0], "texture": "#0", "tintindex": 0},
				"down": {"uv": [5.6875, 0, 5.5625, 0.4375], "texture": "#0", "tintindex": 0}
			}
		},
		{
			"from": [-2.81818, -5.37789, -10.35447],
			"to": [2.18182, 16.62211, -5.35447],
			"shade": false,
			"rotation": {"angle": 22.5, "axis": "x", "origin": [8.18182, 14.31551, -8.36847]},
			"faces": {
				"north": {"uv": [5.125, 0.625, 5.75, 3.375], "texture": "#1", "tintindex": 0},
				"east": {"uv": [4.5, 0.625, 5.125, 3.375], "texture": "#1", "tintindex": 0},
				"south": {"uv": [6.375, 0.625, 7, 3.375], "texture": "#1", "tintindex": 0},
				"west": {"uv": [5.75, 0.625, 6.375, 3.375], "texture": "#1", "tintindex": 0},
				"up": {"uv": [5.125, 0, 5.75, 0.625], "texture": "#1", "tintindex": 0},
				"down": {"uv": [5.75, 0, 6.375, 0.625], "texture": "#1", "tintindex": 0}
			}
		},
		{
			"from": [11.81818, -15.59409, 13.91293],
			"to": [19.81818, 14.40591, 23.91293],
			"shade": false,
			"rotation": {"angle": 22.5, "axis": "x", "origin": [7.81818, 14.90693, 18.44536]},
			"faces": {
				"north": {"uv": [2.25, 1.25, 1.25, 5], "texture": "#1", "tintindex": 0},
				"east": {"uv": [3.5, 1.25, 2.25, 5], "texture": "#1", "tintindex": 0},
				"south": {"uv": [4.5, 1.25, 3.5, 5], "texture": "#1", "tintindex": 0},
				"west": {"uv": [1.25, 1.25, 0, 5], "texture": "#1", "tintindex": 0},
				"up": {"uv": [2.25, 0, 1.25, 1.25], "texture": "#1", "tintindex": 0},
				"down": {"uv": [3.25, 0, 2.25, 1.25], "texture": "#1", "tintindex": 0}
			}
		},
		{
			"from": [-3.81818, -15.59409, 13.91293],
			"to": [4.18182, 14.40591, 23.91293],
			"shade": false,
			"rotation": {"angle": 22.5, "axis": "x", "origin": [8.18182, 14.90693, 18.44536]},
			"faces": {
				"north": {"uv": [1.25, 1.25, 2.25, 5], "texture": "#1", "tintindex": 0},
				"east": {"uv": [0, 1.25, 1.25, 5], "texture": "#1", "tintindex": 0},
				"south": {"uv": [3.5, 1.25, 4.5, 5], "texture": "#1", "tintindex": 0},
				"west": {"uv": [2.25, 1.25, 3.5, 5], "texture": "#1", "tintindex": 0},
				"up": {"uv": [1.25, 0, 2.25, 1.25], "texture": "#1", "tintindex": 0},
				"down": {"uv": [2.25, 0, 3.25, 1.25], "texture": "#1", "tintindex": 0}
			}
		},
		{
			"from": [13.81818, -5.37789, -10.35447],
			"to": [18.81818, 16.62211, -5.35447],
			"shade": false,
			"rotation": {"angle": 22.5, "axis": "x", "origin": [7.81818, 14.31551, -8.36847]},
			"faces": {
				"north": {"uv": [5.75, 0.625, 5.125, 3.375], "texture": "#1", "tintindex": 0},
				"east": {"uv": [6.375, 0.625, 5.75, 3.375], "texture": "#1", "tintindex": 0},
				"south": {"uv": [7, 0.625, 6.375, 3.375], "texture": "#1", "tintindex": 0},
				"west": {"uv": [5.125, 0.625, 4.5, 3.375], "texture": "#1", "tintindex": 0},
				"up": {"uv": [5.75, 0, 5.125, 0.625], "texture": "#1", "tintindex": 0},
				"down": {"uv": [6.375, 0, 5.75, 0.625], "texture": "#1", "tintindex": 0}
			}
		},
		{
			"from": [-2.81818, -5.37789, -10.35447],
			"to": [2.18182, 16.62211, -5.35447],
			"shade": false,
			"rotation": {"angle": 0, "axis": "x", "origin": [8.18182, 14.31551, -8.36847]},
			"faces": {
				"north": {"uv": [13.125, 0.625, 13.75, 3.375], "texture": "#1", "tintindex": 0},
				"east": {"uv": [12.5, 0.625, 13.125, 3.375], "texture": "#1", "tintindex": 0},