{
	"texture_size": [224, 176],
	"textures": {
		"0": "dnd:entity/tyrannosaurus"
	},
	"elements": [
		{
			"from": [5.25, 6.64011, -4.88416],
			"to": [10.75, 15.64011, 3.11584],
			"rotation": {"angle": 22.5, "axis": "x", "origin": [8, 35.81739, 16.39486]},
			"faces": {
				"north": {"uv": [8.85714, 12.81818, 9.64286, 14.45455], "texture": "#0", "tintindex": 0},
				"east": {"uv": [7.71429, 12.81818, 8.85714, 14.45455], "texture": "#0", "tintindex": 0},
				"south": {"uv": [10.78571, 12.81818, 11.57143, 14.45455], "texture": "#0", "tintindex": 0},
				"west": {"uv": [9.64286, 12.81818, 10.78571, 14.45455], "texture": "#0", "tintindex": 0},
				"up": {"uv": [9.64286, 12.81818, 8.85714, 11.36364], "texture": "#0", "tintindex": 0},
				"down": {"uv": [10.42857, 11.36364, 9.64286, 12.81818], "texture": "#0", "tintindex": 0}
			}
		},
		{
			"from": [4.25, 8.61628, -7.80009],
			"to": [11.75, 18.61628, -0.80009],
			"rotation": {"angle": 22.5, "axis": "x", "origin": [8, 40.2873, 14.73313]},
			"faces": {
				"north": {"uv": [12.57143, 12.54545, 13.64286, 14.36364], "texture": "#0", "tintindex": 0},
				"east": {"uv": [11.57143, 12.54545, 12.57143, 14.36364], "texture": "#0", "tintindex": 0},
				"south": {"uv": [14.64286, 12.54545, 15.71429, 14.36364], "texture": "#0", "tintindex": 0},
				"west": {"uv": [13.64286, 12.54545, 14.64286, 14.36364], "texture": "#0", "tintindex": 0},
				"up": {"uv": [13.64286, 12.54545, 12.57143, 11.27273], "texture": "#0", "tintindex": 0},
				"down": {"uv": [14.71429, 11.27273, 13.64286, 12.54545], "texture": "#0", "tintindex": 0}
			}
		},
		{
			"name": "top_jaw",
			"from": [4.74, 11.89611, -14.25788],
			"to": [11.26, 16.91611, -6.73788],
			"rotation": {"angle": 22.5, "axis": "x", "origin": [8, 42.57713, 17.04438]},
			"faces": {
				"north": {"uv": [1.07143, 13.81818, 2, 14.72727], "texture": "#0", "tintindex": 0},
				"east": {"uv": [0, 13.81818, 1.07143, 14.72727], "texture": "#0", "tintindex": 0},
				"south": {"uv": [3.07143, 13.81818, 4, 14.72727], "texture": "#0", "tintindex": 0},
				"west": {"uv": [2, 13.81818, 3.07143, 14.72727], "texture": "#0", "tintindex": 0},
				"up": {"uv": [2, 13.81818, 1.07143, 12.45455], "texture": "#0", "tintindex": 0}
			}
		},
		{
			"name": "top_mouth",
			"from": [4.74, 12.89611, -14.25788],
			"to": [11.26, 12.90611, -6.73788],
			"rotation": {"angle": 22.5, "axis": "x", "origin": [8, 42.57713, 17.04438]},
			"faces": {
				"down": {"uv": [2.92857, 12.45455, 2, 13.81818], "texture": "#0", "tintindex": 0}
			}
		},
		{
			"name": "top_teeth",
			"from": [5.245, 11.90111, -13.75288],
			"to": [10.755, 12.91111, -7.24288],
			"rotation": {"angle": 22.5, "axis": "x", "origin": [8, 42.57713, 17.04438]},
			"faces": {
				"north": {"uv": [0.92857, 15.81818, 1.71429, 16], "texture": "#0", "tintindex": 0},
				"east": {"uv": [0, 15.81818, 0.92857, 16], "texture": "#0", "tintindex": 0},
				"west": {"uv": [1.71429, 15.81818, 2.64286, 16], "texture": "#0", "tintindex": 0}
			}
		},
		{
			"name": "bottom_mouth",
			"from": [5.25, 12.90992, -15.73896],
			"to": [10.75, 12.90992, -8.23896],
			"rotation": {"angle": 22.5, "axis": "x", "origin": [8, 39.08094, 15.03243]},
			"faces": {
				"up": {"uv": [5.85714, 13.81818, 5.07143, 12.45455], "texture": "#0", "tintindex": 0}
			}
		},
		{
			"name": "bottom_jaw",
			"from": [5.25, 9.40992, -15.73896],
			"to": [10.75, 13.90992, -8.23896],
			"rotation": {"angle": 22.5, "axis": "x", "origin": [8, 39.08094, 15.03243]},
			"faces": {
				"north": {"uv": [5.07143, 13.81818, 5.85714, 14.63636], "texture": "#0", "tintindex": 0},
				"east": {"uv": [4, 13.81818, 5.07143, 14.63636], "texture": "#0", "tintindex": 0},
				"south": {"uv": [6.92857, 13.81818, 7.71429, 14.63636], "texture": "#0", "tintindex": 0},
				"west": {"uv": [5.85714, 13.81818, 6.92857, 14.63636], "texture": "#0", "tintindex": 0},
				"down": {"uv": [6.64286, 12.45455, 5.85714, 13.81818], "texture": "#0", "tintindex": 0}
			}
		},
		{
			"name": "bottom_teeth",
			"from": [5.75, 12.90992, -15.23896],
			"to": [10.25, 13.90992, -8.73896],
			"rotation": {"angle": 22.5, "axis": "x", "origin": [8, 39.08094, 15.03243]},
			"faces": {
				"north": {"uv": [4.35714, 15.81818, 5, 16], "texture": "#0", "tintindex": 0},
				"east": {"uv": [3.42857, 15.81818, 4.35714, 16], "texture": "#0", "tintindex": 0},
				"west": {"uv": [5, 15.81818, 5.92857, 16], "texture": "#0", "tintindex": 0}
			}
		},
		{
			"from": [-0.26528, -1.00261, 6.2833],
			"to": [6.23472, 12.99739, 17.7833],
			"rotation": {"angle": 22.5, "axis": "x", "origin": [7.99236, 11.32603, 11.89618]},
			"faces": {
				"north": {"uv": [1.64286, 9.90909, 2.57143, 12.45455], "texture": "#0", "tintindex": 0},
				"east": {"uv": [0, 9.90909, 1.64286, 12.45455], "texture": "#0", "tintindex": 0},
				"south": {"uv": [4.21429, 9.90909, 5.14286, 12.45455], "texture": "#0", "tintindex": 0},
				"west": {"uv": [2.57143, 9.90909, 4.21429, 12.45455], "texture": "#0", "tintindex": 0},
				"up": {"uv": [2.57143, 9.90909, 1.64286, 7.81818], "texture": "#0", "tintindex": 0},
				"down": {"uv": [3.5, 7.81818, 2.57143, 9.90909], "texture": "#0", "tintindex": 0}
			}
		},
		{
			"from": [9.73472, -1.00261, 6.2833],
			"to": [16.23472, 12.99739, 17.7833],
			"shade": false,
			"rotation": {"angle": 22.5, "axis": "x", "origin": [7.99236, 11.32603, 11.89618]},
			"faces": {
				"north": {"uv": [2.57143, 9.90909, 1.64286, 12.45455], "texture": "#0", "tintindex": 0},
				"east": {"uv": [4.21429, 9.90909, 2.57143, 12.45455], "texture": "#0", "tintindex": 0},
				"south": {"uv": [5.14286, 9.90909, 4.21429, 12.45455], "texture": "#0", "tintindex": 0},
				"west": {"uv": [1.64286, 9.90909, 0, 12.45455], "texture": "#0", "tintindex": 0},
				"up": {"uv": [1.64286, 9.90909, 2.57143, 7.81818], "texture": "#0", "tintindex": 0},
				"down": {"uv": [2.57143, 7.81818, 3.5, 9.90909], "texture": "#0", "tintindex": 0}
			}
		},
		{
			"from": [1.25, -12.00261, 15.2833],
			"to": [4.75, 4.99739, 18.7833],
			"rotation": {"angle": 22.5, "axis": "x", "origin": [7.99236, 11.32603, 11.89618]},
			"faces": {
				"north": {"uv": [2.35714, 1.81818, 2.85714, 4.90909], "texture": "#0", "tintindex": 0},
				"east": {"uv": [1.85714, 1.81818, 2.35714, 4.90909], "texture": "#0", "tintindex": 0},
				"south": {"uv": [3.35714, 1.81818, 3.85714, 4.90909], "texture": "#0", "tintindex": 0},
				"west": {"uv": [2.85714, 1.81818, 3.35714, 4.90909], "texture": "#0", "tintindex": 0},
				"up": {"uv": [2.85714, 1.81818, 2.35714, 1.18182], "texture": "#0", "tintindex": 0},
				"down": {"uv": [3.35714, 1.18182, 2.85714, 1.81818], "texture": "#0", "tintindex": 0}
			}
		},
		{
			"from": [11.25, -12.00261, 15.2833],
			"to": [14.75, 4.99739, 18.7833],
			"shade": false,
			"rotation": {"angle": 22.5, "axis": "x", "origin": [7.99236, 11.32603, 11.89618]},
			"faces": {
				"north": {"uv": [2.85714, 1.81818, 2.35714, 4.90909], "texture": "#0", "tintindex": 0},
				"east": {"uv": [3.35714, 1.81818, 2.85714, 4.90909], "texture": "#0", "tintindex": 0},
				"south": {"uv": [3.85714, 1.81818, 3.35714, 4.90909], "texture": "#0", "tintindex": 0},
				"west": {"uv": [2.35714, 1.81818, 1.85714, 4.90909], "texture": "#0", "tintindex": 0},
				"up": {"uv": [2.35714, 1.81818, 2.85714, 1.18182], "texture": "#0", "tintindex": 0},
				"down": {"uv": [2.85714, 1.18182, 3.35714, 1.81818], "texture": "#0", "tintindex": 0}
			}
		},
		{
			"from": [1.25, -12.00261, 11.7833],
			"to": [4.75, -9.50261, 15.2833],
			"rotation": {"angle": 22.5, "axis": "x", "origin": [7.99236, 11.32603, 11.89618]},
			"faces": {
				"north": {"uv": [2.35714, 0.63636, 2.85714, 1.09091], "texture": "#0", "tintindex": 0},
				"east": {"uv": [1.85714, 0.63636, 2.35714, 1.09091], "texture": "#0", "tintindex": 0},
				"south": {"uv": [3.35714, 0.63636, 3.85714, 1.09091], "texture": "#0", "tintindex": 0},
				"west": {"uv": [2.85714, 0.63636, 3.35714, 1.09091], "texture": "#0", "tintindex": 0},
				"up": {"uv": [2.85714, 0.63636, 2.35714, 0],