{
	"texture_size": [256, 256],
	"textures": {
		"0": "dnd:entity/gigantopithecus",
		"1": "minecraft:item/bamboo"
	},
	"elements": [
		{
			"from": [3.75, 9, 5.52778],
			"to": [12.25, 17, 13.02778],
			"rotation": {"angle": 0, "axis": "y", "origin": [8, 26.75, 4.52778]},
			"faces": {
				"north": {"uv": [3.8125, 4.375, 4.875, 5.375], "texture": "#0", "tintindex":0 },
				"east": {"uv": [2.875, 4.375, 3.8125, 5.375], "texture": "#0", "tintindex":0 },
				"south": {"uv": [5.8125, 4.375, 6.875, 5.375], "texture": "#0", "tintindex":0 },
				"west": {"uv": [4.875, 4.375, 5.8125, 5.375], "texture": "#0", "tintindex":0 },
				"up": {"uv": [4.875, 4.375, 3.8125, 3.4375], "texture": "#0", "tintindex":0 },
				"down": {"uv": [5.9375, 3.4375, 4.875, 4.375], "texture": "#0", "tintindex":0 }
			}
		},
		{
			"from": [6.25, 9, 4.02778],
			"to": [9.75, 12, 5.52778],
			"rotation": {"angle": 0, "axis": "y", "origin": [8, 26.75, 4.52778]},
			"faces": {
				"north": {"uv": [2.3125, 3.625, 2.75, 4], "texture": "#0", "tintindex":0 },
				"east": {"uv": [2.125, 3.625, 2.3125, 4], "texture": "#0", "tintindex":0 },
				"south": {"uv": [2.9375, 3.625, 3.375, 4], "texture": "#0", "tintindex":0 },
				"west": {"uv": [2.75, 3.625, 2.9375, 4], "texture": "#0", "tintindex":0 },
				"up": {"uv": [2.75, 3.625, 2.3125, 3.4375], "texture": "#0", "tintindex":0 },
				"down": {"uv": [3.1875, 3.4375, 2.75, 3.625], "texture": "#0", "tintindex":0 }
			}
		},
		{
			"from": [2.75, 9.5, 5.52778],
			"to": [3.75, 16, 6.52778],
			"shade": false,
			"rotation": {"angle": 0, "axis": "y", "origin": [8, 26.75, 4.52778]},
			"faces": {
				"north": {"uv": [0.25, 0.125, 0.125, 0.9375], "texture": "#0", "tintindex":0 },
				"east": {"uv": [0.375, 0.125, 0.25, 0.9375], "texture": "#0", "tintindex":0 },
				"south": {"uv": [0.5, 0.125, 0.375, 0.9375], "texture": "#0", "tintindex":0 },
				"west": {"uv": [0.125, 0.125, 0, 0.9375], "texture": "#0", "tintindex":0 },
				"up": {"uv": [0.125, 0.125, 0.25, 0], "texture": "#0", "tintindex":0 },
				"down": {"uv": [0.25, 0, 0.375, 0.125], "texture": "#0", "tintindex":0 }
			}
		},
		{
			"from": [12.25, 9.5, 5.52778],
			"to": [13.25, 16, 6.52778],
			"rotation": {"angle": 0, "axis": "y", "origin": [8, 26.75, 4.52778]},
			"faces": {
				"north": {"uv": [0.125, 0.125, 0.25, 0.9375], "texture": "#0", "tintindex":0 },
				"east": {"uv": [0, 0.125, 0.125, 0.9375], "texture": "#0", "tintindex":0 },
				"south": {"uv": [0.375, 0.125, 0.5, 0.9375], "texture": "#0", "tintindex":0 },
				"west": {"uv": [0.25, 0.125, 0.375, 0.9375], "texture": "#0", "tintindex":0 },
				"up": {"uv": [0.25, 0.125, 0.125, 0], "texture": "#0", "tintindex":0 },
				"down": {"uv": [0.375, 0, 0.25, 0.125], "texture": "#0", "tintindex":0 }
			}
		},
		{
			"from": [4.625, 0, 7.01389],
			"to": [11.375, 9, 11.76389],
			"rotation": {"angle": 0, "axis": "x", "origin": [8, 2.75, 7.63889]},
			"faces": {
				"north": {"uv": [1.1875, 1.1875, 2.875, 3.4375], "texture": "#0", "tintindex":0 },
				"east": {"uv": [0, 1.1875, 1.1875, 3.4375], "texture": "#0", "tintindex":0 },
				"south": {"uv": [4.0625, 1.1875, 5.75, 3.4375], "texture": "#0", "tintindex":0 },
				"west": {"uv": [2.875, 1.1875, 4.0625, 3.4375], "texture": "#0", "tintindex":0 },
				"up": {"uv": [2.875, 1.1875, 1.1875, 0], "texture": "#0", "tintindex":0 },
				"down": {"uv": [4.5625, 0, 2.875, 1.1875], "texture": "#0", "tintindex":0 }
			}
		},
		{
			"from": [10.375, 0, 7.88889],
			"to": [13.125, 9, 10.88889],
			"rotation": {"angle": 45, "axis": "x", "origin": [8, 8.5, 9.38889]},
			"faces": {
				"north": {"uv": [0.75, 4.1875, 1.4375, 6.4375], "texture": "#0", "tintindex":0 },
				"east": {"uv": [0, 4.1875, 0.75, 6.4375], "texture": "#0", "tintindex":0 },
				"south": {"uv": [2.1875, 4.1875, 2.875, 6.4375], "texture": "#0", "tintindex":0 },
				"west": {"uv": [1.4375, 4.1875, 2.1875, 6.4375], "texture": "#0", "tintindex":0 },
				"up": {"uv": [1.4375, 4.1875, 0.75, 3.4375], "texture": "#0", "tintindex":0 },
				"down": {"uv": [2.125, 3.4375, 1.4375, 4.1875], "texture": "#0", "tintindex":0 }
			}
		},
		{
			"from": [2.875, 0, 7.88889],
			"to": [5.625, 9, 10.88889],
			"shade": false,
			"rotation": {"angle": 45, "axis": "x", "origin": [8, 8.5, 9.38889]},
			"faces": {
				"north": {"uv": [1.4375, 4.1875, 0.75, 6.4375], "texture": "#0", "tintindex":0 },
				"east": {"uv": [2.1875, 4.1875, 1.4375, 6.4375], "texture": "#0", "tintindex":0 },
				"south": {"uv": [2.875, 4.1875, 2.1875, 6.4375], "texture": "#0", "tintindex":0 },
				"west": {"uv": [0.75, 4.1875, 0, 6.4375], "texture": "#0", "tintindex":0 },
				"up": {"uv": [0.75, 4.1875, 1.4375, 3.4375], "texture": "#0", "tintindex":0 },
				"down": {"uv": [1.4375, 3.4375, 2.125, 4.1875], "texture": "#0", "tintindex":0 }
			}
		},
		{
			"from": [4.625, 0, 4.26389],
			"to": [7.375, 2.75, 7.01389],
			"shade": false,
			"rotation": {"angle": 0, "axis": "x", "origin": [8, 2.75, 7.88889]},
			"faces": {
				"north": {"uv": [7.125, 0, 7.8125, 0.6875], "rotation": 180, "texture": "#0", "tintindex":0 },
				"east": {"uv": [7.8125, 0.6875, 7.125, 1.375], "rotation": 270, "texture": "#0", "tintindex":0 },
				"south": {"uv": [6.4375, 0.6875, 7.125, 0], "texture": "#0", "tintindex":0 },
				"west": {"uv": [6.4375, 0.6875, 5.75, 1.375], "rotation": 90, "texture": "#0", "tintindex":0 },
				"up": {"uv": [7.125, 0.6875, 6.4375, 1.375], "rotation": 180, "texture": "#0", "tintindex":0 },
				"down": {"uv": [8.5, 0.6875, 7.8125, 1.375], "texture": "#0", "tintindex":0 }
			}
		},
		{
			"from": [8.625, 0, 4.26389],
			"to": [11.375, 2.75, 7.01389],
			"rotation": {"angle": 0, "axis": "x", "origin": [8, 2.75, 7.88889]},
			"faces": {
				"north": {"uv": [7.8125, 0, 7.125, 0.6875], "rotation": 180, "texture": "#0", "tintindex":0 },
				"east": {"uv": [5.75, 0.6875, 6.4375, 1.375], "rotation": 270, "texture": "#0", "tintindex":0 },
				"south": {"uv": [7.125, 0.6875, 6.4375, 0], "texture": "#0", "tintindex":0 },
				"west": {"uv": [7.125, 0.6875, 7.8125, 1.375], "rotation": 90, "texture": "#0", "tintindex":0 },
				"up": {"uv": [6.4375, 0.6875, 7.125, 1.375], "rotation": 180, "texture": "#0", "tintindex":0 },
				"down": {"uv": [7.8125, 0.6875, 8.5, 1.375], "texture": "#0", "tintindex":0 }
			}
		},
		{
			"name": "bamboo_0",
			"from": [4.5, 7.5, -0.5],
			"to": [5, 8.5, 1],
			"rotation": {"angle": 0, "axis": "x", "origin": [4, 0, 4]},
			"faces": {
				"north": {"uv": [14, 1, 15, 3], "texture": "#1", "tintindex":0 },
				"east": {"uv": [12, 1, 15, 3], "texture": "#1", "tintindex":0 },
				"south": {"uv": [12, 1, 13, 3], "texture": "#1", "tintindex":0 },
				"west": {"uv": [12, 3, 15, 1], "rotation": 180, "texture": "#1", "tintindex":0 },
				"up": {"uv": [15, 1, 12, 2], "rotation": 90, "texture": "#1", "tintindex":0 },
				"down": {"uv": [12, 2, 15, 3], "rotation": 90, "texture": "#1", "tintindex":0 }
			}
		},
		{
			"name": "bamboo_1",
			"from": [4.5, 5.5, 1],
			"to": [5, 8, 1.5],
			"rotation": {"angle": 0, "axis": "x", "origin": [4, 0, 4]},
			"faces": {
				"north": {"uv": [11, 2, 12, 7], "texture": "#1", "tintindex":0 },
				"east": {"uv": [11, 2, 12, 7], "texture": "#1", "tintindex":0 },
				"south": {"uv": [11, 2, 12, 7], "texture": "#1", "tintindex":0 },
				"west": {"uv": [11, 7, 12, 2], "rotation": 180, "texture": "#1", "tintindex":0 },
				"up": {"uv": [12, 2, 11, 3], "rotation": 90, "texture": "#1", "tintindex":0 },
				"down": {"uv": [11, 6, 12, 7], "rotation": 90, "texture": "#1", "tintindex":0 }
			}
		},
		{
			"name": "bamboo_2",
			"from": [4.5, 5.5, 1.5],
			"to": [5, 7.5, 2],
			"rotation": {"angle": 0, "axis": "x", "origin": [4, 0, 4]},
			"faces": {
				"north": {"uv": [10, 3, 11, 7], "texture": "#1", "tintindex":0 },
				"east": {"uv": [10, 3, 11, 7], "texture": "#1", "tintindex":0 },
				"south": {"uv": [10, 3, 11, 7], "texture": "#1", "tintindex":0 },
				"west": {"uv": [10, 7, 11, 3], "rotation": 180, "texture": "#1", "tintindex":0 },