{
	"texture_size": [256, 256],
	"textures": {
		"0": "dnd:entity/tyrannosaurus"
	},
	"elements": [
		{
			"from": [6.61583, 8.95862, -6.74569],
			"to": [9.36583, 13.45862, -2.74569],
			"rotation": {"angle": 0, "axis": "x", "origin": [8, 4.85278, 8]},
			"faces": {
				"north": {"uv": [1, 11.3125, 1.6875, 12.4375], "texture": "#0", "tintindex": 0},
				"east": {"uv": [0, 11.3125, 1, 12.4375], "texture": "#0", "tintindex": 0},
				"south": {"uv": [2.6875, 11.3125, 3.375, 12.4375], "texture": "#0", "tintindex": 0},
				"west": {"uv": [1.6875, 11.3125, 2.6875, 12.4375], "texture": "#0", "tintindex": 0},
				"up": {"uv": [1.6875, 11.3125, 1, 10.3125], "texture": "#0", "tintindex": 0},
				"down": {"uv": [2.375, 10.3125, 1.6875, 11.3125], "texture": "#0", "tintindex": 0}
			}
		},
		{
			"from": [4.79951, 11.2641, -8.70955],
			"to": [11.17451, 19.7641, -2.75955],
			"rotation": {"angle": 0, "axis": "x", "origin": [7.98701, 17.19326, -4.53579]},
			"faces": {
				"north": {"uv": [4.3125, 11.125, 5.25, 12.375], "texture": "#0", "tintindex": 0},
				"east": {"uv": [3.4375, 11.125, 4.3125, 12.375], "texture": "#0", "tintindex": 0},
				"south": {"uv": [6.125, 11.125, 7.0625, 12.375], "texture": "#0", "tintindex": 0},
				"west": {"uv": [5.25, 11.125, 6.125, 12.375], "texture": "#0", "tintindex": 0},
				"up": {"uv": [5.25, 11.125, 4.3125, 10.25], "texture": "#0", "tintindex": 0},
				"down": {"uv": [6.1875, 10.25, 5.25, 11.125], "texture": "#0", "tintindex": 0}
			}
		},
		{
			"from": [5.22451, 14.6641, -15.08454],
			"to": [10.74951, 18.9141, -8.70954],
			"rotation": {"angle": 0, "axis": "x", "origin": [7.98701, 17.19326, -4.53579]},
			"faces": {
				"north": {"uv": [0.9375, 9.625, 1.75, 10.25], "texture": "#0", "tintindex": 0},
				"east": {"uv": [0, 9.625, 0.9375, 10.25], "texture": "#0", "tintindex": 0},
				"south": {"uv": [2.6875, 9.625, 3.5, 10.25], "texture": "#0", "tintindex": 0},
				"west": {"uv": [1.75, 9.625, 2.6875, 10.25], "texture": "#0", "tintindex": 0},
				"up": {"uv": [1.75, 9.625, 0.9375, 8.6875], "texture": "#0", "tintindex": 0},
				"down": {"uv": [2.5625, 8.6875, 1.75, 9.625], "texture": "#0", "tintindex": 0}
			}
		},
		{
			"from": [5.64951, 12.1141, -15.06329],
			"to": [10.32451, 15.9391, -8.68829],
			"rotation": {"angle": 0, "axis": "x", "origin": [7.98701, 17.19326, -4.53579]},
			"faces": {
				"north": {"uv": [4.5, 9.625, 5.1875, 10.1875], "texture": "#0", "tintindex": 0},
				"east": {"uv": [3.5625, 9.625, 4.5, 10.1875], "texture": "#0", "tintindex": 0},
				"south": {"uv": [6.125, 9.625, 6.8125, 10.1875], "texture": "#0", "tintindex": 0},
				"west": {"uv": [5.1875, 9.625, 6.125, 10.1875], "texture": "#0", "tintindex": 0},
				"up": {"uv": [5.1875, 9.625, 4.5, 8.6875], "texture": "#0", "tintindex": 0},
				"down": {"uv": [5.875, 8.6875, 5.1875, 9.625], "texture": "#0", "tintindex": 0}
			}
		},
		{
			"from": [9.61583, -0.03871, 6.34895],
			"to": [11.41583, 1.21129, 8.09895],
			"shade": false,
			"rotation": {"angle": 0, "axis": "x", "origin": [8, 4.85278, 8]},
			"faces": {
				"north": {"uv": [7.25, 7.0625, 6.8125, 7.375], "texture": "#0", "tintindex": 0},
				"east": {"uv": [7.6875, 7.0625, 7.25, 7.375], "texture": "#0", "tintindex": 0},
				"south": {"uv": [8.125, 7.0625, 7.6875, 7.375], "texture": "#0", "tintindex": 0},
				"west": {"uv": [6.8125, 7.0625, 6.375, 7.375], "texture": "#0", "tintindex": 0},
				"up": {"uv": [6.8125, 7.0625, 7.25, 6.625], "texture": "#0", "tintindex": 0},
				"down": {"uv": [7.25, 6.625, 7.6875, 7.0625], "texture": "#0", "tintindex": 0}
			}
		},
		{
			"from": [9.61583, -0.03871, 6.09895],
			"to": [11.42833, 0.46129, 6.34895],
			"shade": false,
			"rotation": {"angle": 0, "axis": "x", "origin": [8, 4.85278, 8]},
			"faces": {
				"north": {"uv": [3.625, 5.5, 3.1875, 5.625], "texture": "#0", "tintindex": 0},
				"east": {"uv": [3.6875, 5.5, 3.625, 5.625], "texture": "#0", "tintindex": 0},
				"south": {"uv": [4.125, 5.5, 3.6875, 5.625], "texture": "#0", "tintindex": 0},
				"west": {"uv": [3.1875, 5.5, 3.125, 5.625], "texture": "#0", "tintindex": 0},
				"up": {"uv": [3.1875, 5.5, 3.625, 5.4375], "texture": "#0", "tintindex": 0},
				"down": {"uv": [3.625, 5.4375, 4.0625, 5.5], "texture": "#0", "tintindex": 0}
			}
		},
		{
			"from": [9.64083, -0.03871, 8.09895],
			"to": [11.36583, 8.46129, 9.84895],
			"shade": false,
			"rotation": {"angle": 0, "axis": "x", "origin": [8, 4.85278, 8]},
			"faces": {
				"north": {"uv": [5.4375, 6.5, 5.0625, 8.625], "texture": "#0", "tintindex": 0},
				"east": {"uv": [5.875, 6.5, 5.4375, 8.625], "texture": "#0", "tintindex": 0},
				"south": {"uv": [6.25, 6.5, 5.875, 8.625], "texture": "#0", "tintindex": 0},
				"west": {"uv": [5.0625, 6.5, 4.625, 8.625], "texture": "#0", "tintindex": 0},
				"up": {"uv": [5.0625, 6.5, 5.4375, 6.0625], "texture": "#0", "tintindex": 0},
				"down": {"uv": [5.4375, 6.0625, 5.8125, 6.5], "texture": "#0", "tintindex": 0}
			}
		},
		{
			"from": [8.86583, 5.46129, 3.59895],
			"to": [12.11583, 12.46129, 9.34895],
			"shade": false,
			"rotation": {"angle": 0, "axis": "x", "origin": [8, 4.85278, 8]},
			"faces": {
				"north": {"uv": [2.25, 6.875, 1.4375, 8.625], "texture": "#0", "tintindex": 0},
				"east": {"uv": [3.6875, 6.875, 2.25, 8.625], "texture": "#0", "tintindex": 0},
				"south": {"uv": [4.5, 6.875, 3.6875, 8.625], "texture": "#0", "tintindex": 0},
				"west": {"uv": [1.4375, 6.875, 0, 8.625], "texture": "#0", "tintindex": 0},
				"up": {"uv": [1.4375, 6.875, 2.25, 5.4375], "texture": "#0", "tintindex": 0},
				"down": {"uv": [2.25, 5.4375, 3.0625, 6.875], "texture": "#0", "tintindex": 0}
			}
		},
		{
			"from": [4.61583, -0.03871, 6.09895],
			"to": [6.42833, 0.46129, 6.34895],
			"rotation": {"angle": 0, "axis": "x", "origin": [8, 4.85278, 8]},
			"faces": {
				"north": {"uv": [3.1875, 5.5, 3.625, 5.625], "texture": "#0", "tintindex": 0},
				"east": {"uv": [3.125, 5.5, 3.1875, 5.625], "texture": "#0", "tintindex": 0},
				"south": {"uv": [3.6875, 5.5, 4.125, 5.625], "texture": "#0", "tintindex": 0},
				"west": {"uv": [3.625, 5.5, 3.6875, 5.625], "texture": "#0", "tintindex": 0},
				"up": {"uv": [3.625, 5.5, 3.1875, 5.4375], "texture": "#0", "tintindex": 0},
				"down": {"uv": [4.0625, 5.4375, 3.625, 5.5], "texture": "#0", "tintindex": 0}
			}
		},
		{
			"from": [4.61583, -0.03871, 6.34895],
			"to": [6.41583, 1.21129, 8.09895],
			"rotation": {"angle": 0, "axis": "x", "origin": [8, 4.85278, 8]},
			"faces": {
				"north": {"uv": [6.8125, 7.0625, 7.25, 7.375], "texture": "#0", "tintindex": 0},
				"east": {"uv": [6.375, 7.0625, 6.8125, 7.375], "texture": "#0", "tintindex": 0},
				"south": {"uv": [7.6875, 7.0625, 8.125, 7.375], "texture": "#0", "tintindex": 0},
				"west": {"uv": [7.25, 7.0625, 7.6875, 7.375], "texture": "#0", "tintindex": 0},
				"up": {"uv": [7.25, 7.0625, 6.8125, 6.625], "texture": "#0", "tintindex": 0},
				"down": {"uv": [7.6875, 6.625, 7.25, 7.0625], "texture": "#0", "tintindex": 0}
			}
		},
		{
			"from": [4.64083, -0.03871, 8.09895],
			"to": [6.36583, 8.46129, 9.84895],
			"rotation": {"angle": 0, "axis": "x", "origin": [8, 4.85278, 8]},
			"faces": {
				"north": {"uv": [5.0625, 6.5, 5.4375, 8.625], "texture": "#0", "tintindex": 0},
				"east": {"uv": [4.625, 6.5, 5.0625, 8.625], "texture": "#0", "tintindex": 0},
				"south": {"uv": [5.875, 6.5, 6.25, 8.625], "texture": "#0", "tintindex": 0},
				"west": {"uv": [5.4375, 6.5, 5.875, 8.625], "texture": "#0", "tintindex": 0},
				"up": {"uv": [5.4375, 6.5, 5.0625, 6.0625], "texture": "#0", "tintindex": 0},
				"down": {"uv": [5.8125, 6.0625, 5.4375, 6.5], "texture": "#0", "tintindex": 0}
			}
		},
		{
			"from": [3.86583, 5.46129, 3.59895],
			"to": [7.11583, 12.46129, 9.34895],
			"rotation": {"angle": 0, "axis": "x", "origin": [8, 4.85278, 8]},
			"faces": {
				"north": {"uv": [1.4375, 6.875, 2.25, 8.625], "texture": "#0", "tintindex": 0},
				"east": {"uv": [0, 6.875, 1.4375, 8.625], "texture": "#0", "tintindex": 0},