{
	"texture_size": [256, 256],
	"textures": {
		"0": "dnd:entity/gigantopithecus"
	},
	"elements": [
		{
			"from": [3.75, 7.5, -0.47222],
			"to": [12.25, 15.5, 7.02778],
			"rotation": {"angle": 0, "axis": "y", "origin": [8, 26.75, 11.52778]},
			"faces": {
				"north": {"uv": [3.8125, 4.375, 4.875, 5.375], "texture": "#0", "tintindex": 0},
				"east": {"uv": [2.875, 4.375, 3.8125, 5.375], "texture": "#0", "tintindex": 0},
				"south": {"uv": [5.8125, 4.375, 6.875, 5.375], "texture": "#0", "tintindex": 0},
				"west": {"uv": [4.875, 4.375, 5.8125, 5.375], "texture": "#0", "tintindex": 0},
				"up": {"uv": [4.875, 4.375, 3.8125, 3.4375], "texture": "#0", "tintindex": 0},
				"down": {"uv": [5.9375, 3.4375, 4.875, 4.375], "texture": "#0", "tintindex": 0}
			}
		},
		{
			"from": [6.25, 7.5, -1.97222],
			"to": [9.75, 10.5, -0.47222],
			"rotation": {"angle": 0, "axis": "y", "origin": [8, 26.75, 11.52778]},
			"faces": {
				"north": {"uv": [2.3125, 3.625, 2.75, 4], "texture": "#0", "tintindex": 0},
				"east": {"uv": [2.125, 3.625, 2.3125, 4], "texture": "#0", "tintindex": 0},
				"south": {"uv": [2.9375, 3.625, 3.375, 4], "texture": "#0", "tintindex": 0},
				"west": {"uv": [2.75, 3.625, 2.9375, 4], "texture": "#0", "tintindex": 0},
				"up": {"uv": [2.75, 3.625, 2.3125, 3.4375], "texture": "#0", "tintindex": 0},
				"down": {"uv": [3.1875, 3.4375, 2.75, 3.625], "texture": "#0", "tintindex": 0}
			}
		},
		{
			"from": [2.75, 8, -0.47222],
			"to": [3.75, 14.5, 0.52778],
			"shade": false,
			"rotation": {"angle": 0, "axis": "y", "origin": [8, 26.75, 11.52778]},
			"faces": {
				"north": {"uv": [0.25, 0.125, 0.125, 0.9375], "texture": "#0", "tintindex": 0},
				"east": {"uv": [0.375, 0.125, 0.25, 0.9375], "texture": "#0", "tintindex": 0},
				"south": {"uv": [0.5, 0.125, 0.375, 0.9375], "texture": "#0", "tintindex": 0},
				"west": {"uv": [0.125, 0.125, 0, 0.9375], "texture": "#0", "tintindex": 0},
				"up": {"uv": [0.125, 0.125, 0.25, 0], "texture": "#0", "tintindex": 0},
				"down": {"uv": [0.25, 0, 0.375, 0.125], "texture": "#0", "tintindex": 0}
			}
		},
		{
			"from": [12.25, 8, -0.47222],
			"to": [13.25, 14.5, 0.52778],
			"rotation": {"angle": 0, "axis": "y", "origin": [8, 26.75, 11.52778]},
			"faces": {
				"north": {"uv": [0.125, 0.125, 0.25, 0.9375], "texture": "#0", "tintindex": 0},
				"east": {"uv": [0, 0.125, 0.125, 0.9375], "texture": "#0", "tintindex": 0},
				"south": {"uv": [0.375, 0.125, 0.5, 0.9375], "texture": "#0", "tintindex": 0},
				"west": {"uv": [0.25, 0.125, 0.375, 0.9375], "texture": "#0", "tintindex": 0},
				"up": {"uv": [0.25, 0.125, 0.125, 0], "texture": "#0", "tintindex": 0},
				"down": {"uv": [0.375, 0, 0.25, 0.125], "texture": "#0", "tintindex": 0}
			}
		},
		{
			"from": [4.625, 2.75, 8.76389],
			"to": [11.375, 11.75, 13.51389],
			"rotation": {"angle": -45, "axis": "x", "origin": [8, 2.75, 11.13889]},
			"faces": {
				"north": {"uv": [1.1875, 1.1875, 2.875, 3.4375], "texture": "#0", "tintindex": 0},
				"east": {"uv": [0, 1.1875, 1.1875, 3.4375], "texture": "#0", "tintindex": 0},
				"south": {"uv": [4.0625, 1.1875, 5.75, 3.4375], "texture": "#0", "tintindex": 0},
				"west": {"uv": [2.875, 1.1875, 4.0625, 3.4375], "texture": "#0", "tintindex": 0},
				"up": {"uv": [2.875, 1.1875, 1.1875, 0], "texture": "#0", "tintindex": 0},
				"down": {"uv": [4.5625, 0, 2.875, 1.1875], "texture": "#0", "tintindex": 0}
			}
		},
		{
			"from": [10.5, 0, 3.88889],
			"to": [13.5, 9, 6.63889],
			"rotation": {"angle": 0, "axis": "y", "origin": [11.5, 11.25, 11.01389]},
			"faces": {
				"north": {"uv": [0, 4.1875, 0.75, 6.4375], "texture": "#0", "tintindex": 0},
				"east": {"uv": [2.1875, 4.1875, 2.875, 6.4375], "texture": "#0", "tintindex": 0},
				"south": {"uv": [1.4375, 4.1875, 2.1875, 6.4375], "texture": "#0", "tintindex": 0},
				"west": {"uv": [0.75, 4.1875, 1.4375, 6.4375], "texture": "#0", "tintindex": 0},
				"up": {"uv": [1.4375, 4.1875, 0.75, 3.4375], "rotation": 270, "texture": "#0", "tintindex": 0},
				"down": {"uv": [2.125, 3.4375, 1.4375, 4.1875], "rotation": 90, "texture": "#0", "tintindex": 0}
			}
		},
		{
			"from": [2.5, 0, 3.88889],
			"to": [5.5, 9, 6.63889],
			"shade": false,
			"rotation": {"angle": 0, "axis": "y", "origin": [4.5, 11.25, 11.01389]},
			"faces": {
				"north": {"uv": [0.75, 4.1875, 0, 6.4375], "texture": "#0", "tintindex": 0},
				"east": {"uv": [1.4375, 4.1875, 0.75, 6.4375], "texture": "#0", "tintindex": 0},
				"south": {"uv": [2.1875, 4.1875, 1.4375, 6.4375], "texture": "#0", "tintindex": 0},
				"west": {"uv": [2.875, 4.1875, 2.1875, 6.4375], "texture": "#0", "tintindex": 0},
				"up": {"uv": [0.75, 4.1875, 1.4375, 3.4375], "rotation": 90, "texture": "#0", "tintindex": 0},
				"down": {"uv": [1.4375, 3.4375, 2.125, 4.1875], "rotation": 270, "texture": "#0", "tintindex": 0}
			}
		},
		{
			"from": [4.6375, 0, 9.76389],
			"to": [7.3875, 2.75, 12.51389],
			"shade": false,
			"rotation": {"angle": 0, "axis": "y", "origin": [6, 2.875, 11.13889]},
			"faces": {
				"north": {"uv": [7.125, 0.6875, 6.4375, 1.375], "texture": "#0", "tintindex": 0},
				"east": {"uv": [7.8125, 0.6875, 7.125, 1.375], "texture": "#0", "tintindex": 0},
				"south": {"uv": [8.5, 0.6875, 7.8125, 1.375], "texture": "#0", "tintindex": 0},
				"west": {"uv": [6.4375, 0.6875, 5.75, 1.375], "texture": "#0", "tintindex": 0},
				"up": {"uv": [6.4375, 0.6875, 7.125, 0], "texture": "#0", "tintindex": 0},
				"down": {"uv": [7.125, 0, 7.8125, 0.6875], "texture": "#0", "tintindex": 0}
			}
		},
		{
			"from": [8.6125, 0, 9.76389],
			"to": [11.3625, 2.75, 12.51389],
			"rotation": {"angle": 0, "axis": "y", "origin": [10, 2.875, 11.13889]},
			"faces": {
				"north": {"uv": [6.4375, 0.6875, 7.125, 1.375], "texture": "#0", "tintindex": 0},
				"east": {"uv": [5.75, 0.6875, 6.4375, 1.375], "texture": "#0", "tintindex": 0},
				"south": {"uv": [7.8125, 0.6875, 8.5, 1.375], "texture": "#0", "tintindex": 0},
				"west": {"uv": [7.125, 0.6875, 7.8125, 1.375], "texture": "#0", "tintindex": 0},
				"up": {"uv": [7.125, 0.6875, 6.4375, 0], "texture": "#0", "tintindex": 0},
				"down": {"uv": [7.8125, 0, 7.125, 0.6875], "texture": "#0", "tintindex": 0}
			}
		}
	],
	"display": {
		"ground": {
			"rotation": [-180, 0, -180],
			"translation": [0, -1.55, -9],
			"scale": [2, 2, 2]
		}
	},
	"groups": [
		{
			"name": "Entire",
			"origin": [0, 0, 0],
			"color": 0,
			"children": [
				{
					"name": "Head",
					"origin": [0, 9, 0],
					"color": 0,
					"children": [0, 1, 2, 3]
				},
				{
					"name": "Body",
					"origin": [0, 9, 0],
					"color": 0,
					"children": [4]
				},
				{
					"name": "Limbs",
					"origin": [0, 9, 0],
					"color": 0,
					"children": [5, 6, 7, 8]
				}
			]
		}
	]
}