{
	"texture_size": [112, 96],
	"textures": {
		"0": "dnd:entity/concavenator"
	},
	"elements": [
		{
			"from": [5.99969, 1, 0.5],
			"to": [9.99969, 6.5, 13.5],
			"rotation": {"angle": 22.5, "axis": "x", "origin": [8, 2.65625, 10.50469]},
			"faces": {
				"north": {"uv": [3.71429, 4.33333, 4.85714, 6.16667], "texture": "#0", "tintindex": 0},
				"east": {"uv": [0, 4.33333, 3.71429, 6.16667], "texture": "#0", "tintindex": 0},
				"south": {"uv": [8.57143, 4.33333, 9.71429, 6.16667], "texture": "#0", "tintindex": 0},
				"west": {"uv": [4.85714, 4.33333, 8.57143, 6.16667], "texture": "#0", "tintindex": 0},
				"up": {"uv": [4.85714, 4.33333, 3.71429, 0], "texture": "#0", "tintindex": 0},
				"down": {"uv": [6, 0, 4.85714, 4.33333], "texture": "#0", "tintindex": 0}
			}
		},
		{
			"from": [6.49969, 1.39626, 7.95109],
			"to": [9.49969, 5.39626, 18.95109],
			"rotation": {"angle": 22.5, "axis": "x", "origin": [8, -11.84375, 10.50469]},
			"faces": {
				"north": {"uv": [3.14286, 13.16667, 4, 14.5], "texture": "#0", "tintindex": 0},
				"east": {"uv": [0, 13.16667, 3.14286, 14.5], "texture": "#0", "tintindex": 0},
				"south": {"uv": [7.14286, 13.16667, 8, 14.5], "texture": "#0", "tintindex": 0},
				"west": {"uv": [4, 13.16667, 7.14286, 14.5], "texture": "#0", "tintindex": 0},
				"up": {"uv": [4, 13.16667, 3.14286, 9.5], "texture": "#0", "tintindex": 0},
				"down": {"uv": [4.85714, 9.5, 4, 13.16667], "texture": "#0", "tintindex": 0}
			}
		},
		{
			"from": [6.99969, 0.27009, 5.74851],
			"to": [8.99969, 2.7701, 19.74851],
			"rotation": {"angle": 22.5, "axis": "x", "origin": [8, -46.34375, 10.50469]},
			"faces": {
				"north": {"uv": [8.85714, 10.83333, 9.42857, 11.66667], "texture": "#0", "tintindex": 0},
				"east": {"uv": [4.85714, 10.83333, 8.85714, 11.66667], "texture": "#0", "tintindex": 0},
				"south": {"uv": [13.42857, 10.83333, 14, 11.66667], "texture": "#0", "tintindex": 0},
				"west": {"uv": [9.42857, 10.83333, 13.42857, 11.66667], "texture": "#0", "tintindex": 0},
				"up": {"uv": [9.42857, 10.83333, 8.85714, 6.16667], "texture": "#0", "tintindex": 0},
				"down": {"uv": [10, 6.16667, 9.42857, 10.83333], "texture": "#0", "tintindex": 0}
			}
		},
		{
			"from": [7.99469, 2.7651, 3.24351],
			"to": [8.00469, 7.7751, 18.75351],
			"rotation": {"angle": 22.5, "axis": "x", "origin": [8, -46.34375, 10.50469]},
			"faces": {
				"east": {"uv": [0, 7.83333, 4.42857, 9.5], "texture": "#0", "tintindex": 0},
				"west": {"uv": [4.42857, 7.83333, 8.85714, 9.5], "texture": "#0", "tintindex": 0}
			}
		},
		{
			"from": [7.99469, 5.39126, 0.94609],
			"to": [8.00469, 10.40126, 16.45609],
			"rotation": {"angle": 22.5, "axis": "x", "origin": [8, -11.84375, 10.50469]},
			"faces": {
				"east": {"uv": [0, 6.16667, 4.42857, 7.83333], "texture": "#0", "tintindex": 0},
				"west": {"uv": [4.42857, 6.16667, 8.85714, 7.83333], "texture": "#0", "tintindex": 0}
			}
		},
		{
			"from": [6.99969, 7.27221, 2.53001],
			"to": [8.99969, 13.77221, 5.53001],
			"rotation": {"angle": 22.5, "axis": "x", "origin": [7.99969, 15.17245, 0.52394]},
			"faces": {
				"north": {"uv": [0.85714, 10.5, 1.42857, 12.66667], "texture": "#0", "tintindex": 0},
				"east": {"uv": [0, 10.5, 0.85714, 12.66667], "texture": "#0", "tintindex": 0},
				"south": {"uv": [2.28571, 10.5, 2.85714, 12.66667], "texture": "#0", "tintindex": 0},
				"west": {"uv": [1.42857, 10.5, 2.28571, 12.66667], "texture": "#0", "tintindex": 0},
				"up": {"uv": [1.42857, 10.5, 0.85714, 9.5], "texture": "#0", "tintindex": 0},
				"down": {"uv": [2, 9.5, 1.42857, 10.5], "texture": "#0", "tintindex": 0}
			}
		},
		{
			"from": [4.99938, 12.54441, 2.06001],
			"to": [10.99938, 20.54441, 11.06001],
			"rotation": {"angle": 22.5, "axis": "x", "origin": [7.99938, 30.3449, -6.95211]},
			"faces": {
				"north": {"uv": [9.28571, 13.16667, 10.14285, 14.5], "texture": "#0", "tintindex": 0},
				"east": {"uv": [8, 13.16667, 9.28571, 14.5], "texture": "#0", "tintindex": 0},
				"south": {"uv": [11.42857, 13.16667, 12.28571, 14.5], "texture": "#0", "tintindex": 0},
				"west": {"uv": [10.14285, 13.16667, 11.42857, 14.5], "texture": "#0", "tintindex": 0},
				"up": {"uv": [10.14285, 13.16667, 9.28571, 11.66667], "texture": "#0", "tintindex": 0},
				"down": {"uv": [11, 11.66667, 10.14285, 13.16667], "texture": "#0", "tintindex": 0}
			}
		},
		{
			"from": [5.99938, 14.54441, -3.93999],
			"to": [9.99938, 21.54441, 5.06001],
			"rotation": {"angle": 22.5, "axis": "x", "origin": [7.99938, 30.3449, -6.95211]},
			"faces": {
				"north": {"uv": [1.28571, 1.5, 1.85714, 2.66667], "texture": "#0", "tintindex": 0},
				"east": {"uv": [0, 1.5, 1.28571, 2.66667], "texture": "#0", "tintindex": 0},
				"south": {"uv": [3.14286, 1.5, 3.71429, 2.66667], "texture": "#0", "tintindex": 0},
				"west": {"uv": [1.85714, 1.5, 3.14286, 2.66667], "texture": "#0", "tintindex": 0},
				"up": {"uv": [1.85714, 1.5, 1.28571, 0], "texture": "#0", "tintindex": 0},
				"down": {"uv": [2.42857, 0, 1.85714, 1.5], "texture": "#0", "tintindex": 0}
			}
		},
		{
			"from": [5.49969, -2.5, 2],
			"to": [6.99969, 2, 3.5],
			"rotation": {"angle": 22.5, "axis": "x", "origin": [8, 2.65625, 10.50469]},
			"faces": {
				"north": {"uv": [10.42857, 0.5, 10.85714, 2], "texture": "#0", "tintindex": 0},
				"east": {"uv": [10, 0.5, 10.42857, 2], "texture": "#0", "tintindex": 0},
				"south": {"uv": [11.28571, 0.5, 11.71429, 2], "texture": "#0", "tintindex": 0},
				"west": {"uv": [10.85714, 0.5, 11.28571, 2], "texture": "#0", "tintindex": 0},
				"up": {"uv": [10.85714, 0.5, 10.42857, 0], "texture": "#0", "tintindex": 0},
				"down": {"uv": [11.28571, 0, 10.85714, 0.5], "texture": "#0", "tintindex": 0}
			}
		},
		{
			"from": [8.99969, -2.5, 2],
			"to": [10.49969, 2, 3.5],
			"shade": false,
			"rotation": {"angle": 22.5, "axis": "x", "origin": [8, 2.65625, 10.50469]},
			"faces": {
				"north": {"uv": [10.85714, 0.5, 10.42857, 2], "texture": "#0", "tintindex": 0},
				"east": {"uv": [11.28571, 0.5, 10.85714, 2], "texture": "#0", "tintindex": 0},
				"south": {"uv": [11.71429, 0.5, 11.28571, 2], "texture": "#0", "tintindex": 0},
				"west": {"uv": [10.42857, 0.5, 10, 2], "texture": "#0", "tintindex": 0},
				"up": {"uv": [10.42857, 0.5, 10.85714, 0], "texture": "#0", "tintindex": 0},
				"down": {"uv": [10.85714, 0, 11.28571, 0.5], "texture": "#0", "tintindex": 0}
			}
		},
		{
			"from": [5.99469, -2.005, 3.495],
			"to": [6.50469, 1.505, 5.005],
			"rotation": {"angle": 22.5, "axis": "x", "origin": [8, 2.65625, 10.50469]},
			"faces": {
				"north": {"uv": [12.14286, 0.5, 12.28571, 1.66667], "texture": "#0", "tintindex": 0},
				"east": {"uv": [11.71429, 0.5, 12.14286, 1.66667], "texture": "#0", "tintindex": 0},
				"south": {"uv": [12.71428, 0.5, 12.85715, 1.66667], "texture": "#0", "tintindex": 0},
				"west": {"uv": [12.28571, 0.5, 12.71428, 1.66667], "texture": "#0", "tintindex": 0},
				"up": {"uv": [12.28571, 0.5, 12.14286, 0], "texture": "#0", "tintindex": 0},
				"down": {"uv": [12.42857, 0, 12.28571, 0.5], "texture": "#0", "tintindex": 0}
			}
		},
		{
			"from": [9.49531, -2.005, 3.495],
			"to": [10.00531, 1.505, 5.005],
			"rotation": {"angle": 22.5, "axis": "x", "origin": [8, 2.65625, 10.50469]},
			"faces": {
				"north": {"uv": [12.28571, 0.5, 12.14286, 1.66667], "texture": "#0", "tintindex": 0},
				"east": {"uv": [12.71428, 0.5, 12.28571, 1.66667], "texture": "#0", "tintindex": 0},
				"south": {"uv": [12.85715, 0.5, 12.71428, 1.66667], "texture": "#0", "tintindex": 0},
				"west": {"uv": [12.14286, 0.5, 11.71429, 1.66667], "texture": "#0", "tintindex": 0},
				"up": {"uv": [12.14286, 0.5, 12.28571, 0], "texture": "#0", "tintindex": 0},
				"down": {"uv": [12.28571, 0, 12.42857, 0.5], "texture": "#0", "tintindex": 0}
			}
		},
		{
			"from": [4.99968, -1.46094, 6.3005],
			"to": [7.49969, 4.53906, 10.80051],
			"rotation": {"angle": 22.5, "axis": "x", "origin": [7.99969, -1.6276, 9.55051]},