{
	"texture_size": [256, 256],
	"textures": {
		"0": "dnd:entity/corythosaurus"
	},
	"elements": [
		{
			"from": [3.09091, 2.5, -2.5],
			"to": [13.09091, 15, 17.5],
			"rotation": {"angle": 22.5, "axis": "x", "origin": [8.09091, 4.69091, 7.97728]},
			"faces": {
				"north": {"uv": [2.5, 2.5, 3.75, 4.0625], "texture": "#0", "tintindex": 0},
				"east": {"uv": [0, 2.5, 2.5, 4.0625], "texture": "#0", "tintindex": 0},
				"south": {"uv": [6.25, 2.5, 7.5, 4.0625], "texture": "#0", "tintindex": 0},
				"west": {"uv": [3.75, 2.5, 6.25, 4.0625], "texture": "#0", "tintindex": 0},
				"up": {"uv": [3.75, 2.5, 2.5, 0], "texture": "#0", "tintindex": 0},
				"down": {"uv": [5, 0, 3.75, 2.5], "texture": "#0", "tintindex": 0}
			}
		},
		{
			"from": [4.59091, 4.26488, 1.23596],
			"to": [11.59091, 11.26488, 15.73596],
			"rotation": {"angle": 22.5, "axis": "x", "origin": [8.09091, -37.80909, 7.97728]},
			"faces": {
				"north": {"uv": [1.8125, 5.875, 2.6875, 6.75], "texture": "#0", "tintindex": 0},
				"east": {"uv": [0, 5.875, 1.8125, 6.75], "texture": "#0", "tintindex": 0},
				"south": {"uv": [4.5, 5.875, 5.375, 6.75], "texture": "#0", "tintindex": 0},
				"west": {"uv": [2.6875, 5.875, 4.5, 6.75], "texture": "#0", "tintindex": 0},
				"up": {"uv": [2.6875, 5.875, 1.8125, 4.0625], "texture": "#0", "tintindex": 0},
				"down": {"uv": [3.5625, 4.0625, 2.6875, 5.875], "texture": "#0", "tintindex": 0}
			}
		},
		{
			"from": [6, 3.74326, 2.11745],
			"to": [10, 8.74326, 14.61746],
			"rotation": {"angle": 22.5, "axis": "x", "origin": [8, -73.05231, 6.24972]},
			"faces": {
				"north": {"uv": [6.5625, 1.5625, 7.0625, 2.1875], "texture": "#0", "tintindex": 0},
				"east": {"uv": [5, 1.5625, 6.5625, 2.1875], "texture": "#0", "tintindex": 0},
				"south": {"uv": [8.625, 1.5625, 9.125, 2.1875], "texture": "#0", "tintindex": 0},
				"west": {"uv": [7.0625, 1.5625, 8.625, 2.1875], "texture": "#0", "tintindex": 0},
				"up": {"uv": [7.0625, 1.5625, 6.5625, 0], "texture": "#0", "tintindex": 0},
				"down": {"uv": [7.5625, 0, 7.0625, 1.5625], "texture": "#0", "tintindex": 0}
			}
		},
		{
			"from": [5.18182, 9.40455, 16.17052],
			"to": [11.18182, 22.50455, 27.17052],
			"rotation": {"angle": 22.5, "axis": "x", "origin": [8.18182, 80.38182, 7.95455]},
			"faces": {
				"north": {"uv": [4.25, 4.75, 4.625, 5.5625], "texture": "#0", "tintindex": 0},
				"east": {"uv": [3.5625, 4.75, 4.25, 5.5625], "texture": "#0", "tintindex": 0},
				"south": {"uv": [5.3125, 4.75, 5.6875, 5.5625], "texture": "#0", "tintindex": 0},
				"west": {"uv": [4.625, 4.75, 5.3125, 5.5625], "texture": "#0", "tintindex": 0},
				"up": {"uv": [4.625, 4.75, 4.25, 4.0625], "texture": "#0", "tintindex": 0},
				"down": {"uv": [5, 4.0625, 4.625, 4.75], "texture": "#0", "tintindex": 0}
			}
		},
		{
			"from": [6.18182, 16.40455, 11.17052],
			"to": [10.18182, 22.50455, 16.17052],
			"rotation": {"angle": 22.5, "axis": "x", "origin": [8.18182, 80.38182, 7.95455]},
			"faces": {
				"north": {"uv": [5.3125, 1.1875, 5.5625, 1.5625], "texture": "#0", "tintindex": 0},
				"east": {"uv": [5, 1.1875, 5.3125, 1.5625], "texture": "#0", "tintindex": 0},
				"south": {"uv": [5.875, 1.1875, 6.125, 1.5625], "texture": "#0", "tintindex": 0},
				"west": {"uv": [5.5625, 1.1875, 5.875, 1.5625], "texture": "#0", "tintindex": 0},
				"up": {"uv": [5.5625, 1.1875, 5.3125, 0.875], "texture": "#0", "tintindex": 0},
				"down": {"uv": [5.8125, 0.875, 5.5625, 1.1875], "texture": "#0", "tintindex": 0}
			}
		},
		{
			"from": [7.18182, 22.40455, 17.17052],
			"to": [9.18182, 27.50455, 24.17052],
			"rotation": {"angle": 22.5, "axis": "x", "origin": [8.18182, 80.38182, 7.95455]},
			"faces": {
				"north": {"uv": [5.4375, 0.4375, 5.5625, 0.75], "texture": "#0", "tintindex": 0},
				"east": {"uv": [5, 0.4375, 5.4375, 0.75], "texture": "#0", "tintindex": 0},
				"south": {"uv": [6, 0.4375, 6.125, 0.75], "texture": "#0", "tintindex": 0},
				"west": {"uv": [5.5625, 0.4375, 6, 0.75], "texture": "#0", "tintindex": 0},
				"up": {"uv": [5.5625, 0.4375, 5.4375, 0], "texture": "#0", "tintindex": 0},
				"down": {"uv": [5.6875, 0, 5.5625, 0.4375], "texture": "#0", "tintindex": 0}
			}
		},
		{
			"from": [2.59091, -2.68894, -1.17723],
			"to": [5.09091, 8.31106, 1.32277],
			"shade": false,
			"rotation": {"angle": 22.5, "axis": "x", "origin": [8.09091, 7.15776, -0.18424]},
			"faces": {
				"north": {"uv": [0.3125, 4.375, 0.625, 5.75], "texture": "#0", "tintindex": 0},
				"east": {"uv": [0, 4.375, 0.3125, 5.75], "texture": "#0", "tintindex": 0},
				"south": {"uv": [0.9375, 4.375, 1.25, 5.75], "texture": "#0", "tintindex": 0},
				"west": {"uv": [0.625, 4.375, 0.9375, 5.75], "texture": "#0", "tintindex": 0},
				"up": {"uv": [0.3125, 4.0625, 0.625, 4.375], "texture": "#0", "tintindex": 0},
				"down": {"uv": [0.625, 4.0625, 0.9375, 4.375], "texture": "#0", "tintindex": 0}
			}
		},
		{
			"from": [2.09091, -7.79704, 10.95647],
			"to": [6.09091, 7.20296, 15.95647],
			"shade": false,
			"rotation": {"angle": 22.5, "axis": "x", "origin": [8.09091, 7.45347, 13.22268]},
			"faces": {
				"north": {"uv": [0.625, 0.625, 1.125, 2.5], "texture": "#0", "tintindex": 0},
				"east": {"uv": [0, 0.625, 0.625, 2.5], "texture": "#0", "tintindex": 0},
				"south": {"uv": [1.75, 0.625, 2.25, 2.5], "texture": "#0", "tintindex": 0},
				"west": {"uv": [1.125, 0.625, 1.75, 2.5], "texture": "#0", "tintindex": 0},
				"up": {"uv": [0.625, 0, 1.125, 0.625], "texture": "#0", "tintindex": 0},
				"down": {"uv": [1.125, 0, 1.625, 0.625], "texture": "#0", "tintindex": 0}
			}
		},
		{
			"from": [9.90909, -7.79704, 10.95647],
			"to": [13.90909, 7.20296, 15.95647],
			"shade": false,
			"rotation": {"angle": 22.5, "axis": "x", "origin": [7.90909, 7.45347, 13.22268]},
			"faces": {
				"north": {"uv": [1.125, 0.625, 0.625, 2.5], "texture": "#0", "tintindex": 0},
				"east": {"uv": [1.75, 0.625, 1.125, 2.5], "texture": "#0", "tintindex": 0},
				"south": {"uv": [2.25, 0.625, 1.75, 2.5], "texture": "#0", "tintindex": 0},
				"west": {"uv": [0.625, 0.625, 0, 2.5], "texture": "#0", "tintindex": 0},
				"up": {"uv": [1.125, 0, 0.625, 0.625], "texture": "#0", "tintindex": 0},
				"down": {"uv": [1.625, 0, 1.125, 0.625], "texture": "#0", "tintindex": 0}
			}
		},
		{
			"from": [10.90909, -2.68894, -1.17723],
			"to": [13.40909, 8.31106, 1.32277],
			"shade": false,
			"rotation": {"angle": 22.5, "axis": "x", "origin": [7.90909, 7.15776, -0.18424]},
			"faces": {
				"north": {"uv": [0.625, 4.375, 0.3125, 5.75], "texture": "#0", "tintindex": 0},
				"east": {"uv": [0.9375, 4.375, 0.625, 5.75], "texture": "#0", "tintindex": 0},
				"south": {"uv": [1.25, 4.375, 0.9375, 5.75], "texture": "#0", "tintindex": 0},
				"west": {"uv": [0.3125, 4.375, 0, 5.75], "texture": "#0", "tintindex": 0},
				"up": {"uv": [0.625, 4.0625, 0.3125, 4.375], "texture": "#0", "tintindex": 0},
				"down": {"uv": [0.9375, 4.0625, 0.625, 4.375], "texture": "#0", "tintindex": 0}
			}
		}
	],
	"display": {
		"ground": {
			"rotation": [-157.5, 0, -180],
			"translation": [0, -4.4, 0]
		},
		"head": {
			"rotation": [-22.5, 0, 0],
			"translation": [0, -18, -12],
			"scale": [1.6, 1.6, 1.6]
		}
	},
	"groups": [
		{
			"name": "Entire",
			"origin": [0, 2, -19],
			"color": 0,
			"children": [
				{
					"name": "Body",
					"origin": [0, 2, -19],
					"color": 0,
					"children": [0, 1, 2]
				},
				{
					"name": "Head",
					"origin": [0, 2, 17],
					"color": 0,
					"children": [3, 4, 5]
				},
				{
					"name": "Limbs",
					"origin": [0, 2, -19],
					"color": 0,
					"children": [
						{
							"name": "Legs1",
							"origin": [8.18182, 14.90693, 18.44536],
							"color": 0,
							"children": [6, 7, 8, 9]
						}
					]
				}
			]
		}
	]
}
