{
	"texture_size": [256, 256],
	"textures": {
		"0": "dnd:entity/triceratops",
		"1": "dnd:entity/triceratops_walking"
	},
	"elements": [
		{
			"from": [3.75, 10.24309, -4.34987],
			"to": [12.25, 20.74309, 8.15013],
			"rotation": {"angle": 45, "axis": "x", "origin": [8, 16.95962, -3.46101]},
			"faces": {
				"north": {"uv": [1.5625, 6.6875, 2.625, 8], "texture": "#0", "tintindex": 0},
				"east": {"uv": [0, 6.6875, 1.5625, 8], "texture": "#0", "tintindex": 0},
				"south": {"uv": [4.1875, 6.6875, 5.25, 8], "texture": "#0", "tintindex": 0},
				"west": {"uv": [2.625, 6.6875, 4.1875, 8], "texture": "#0", "tintindex": 0},
				"up": {"uv": [2.625, 6.6875, 1.5625, 5.125], "texture": "#0", "tintindex": 0},
				"down": {"uv": [3.6875, 5.125, 2.625, 6.6875], "texture": "#0", "tintindex": 0}
			}
		},
		{
			"from": [2.25, 20.74309, -4.34987],
			"to": [13.75, 30.24309, -2.34987],
			"rotation": {"angle": 45, "axis": "x", "origin": [8, 16.95962, -3.46101]},
			"faces": {
				"north": {"uv": [7.3125, 7.4375, 8.75, 8.625], "texture": "#0", "tintindex": 0},
				"east": {"uv": [7.0625, 7.4375, 7.3125, 8.625], "texture": "#0", "tintindex": 0},
				"south": {"uv": [9, 7.4375, 10.4375, 8.625], "texture": "#0", "tintindex": 0},
				"west": {"uv": [8.75, 7.4375, 9, 8.625], "texture": "#0", "tintindex": 0},
				"up": {"uv": [8.75, 7.4375, 7.3125, 7.1875], "texture": "#0", "tintindex": 0},
				"down": {"uv": [10.1875, 7.1875, 8.75, 7.4375], "texture": "#0", "tintindex": 0}
			}
		},
		{
			"from": [6.75, 10.24309, -5.84987],
			"to": [9.25, 12.74309, -4.34987],
			"rotation": {"angle": 45, "axis": "x", "origin": [8, 16.95962, -3.46101]},
			"faces": {
				"north": {"uv": [1.6875, 0.1875, 2, 0.5], "texture": "#0", "tintindex": 0},
				"east": {"uv": [1.5, 0.1875, 1.6875, 0.5], "texture": "#0", "tintindex": 0},
				"south": {"uv": [2.1875, 0.1875, 2.5, 0.5], "texture": "#0", "tintindex": 0},
				"west": {"uv": [2, 0.1875, 2.1875, 0.5], "texture": "#0", "tintindex": 0},
				"up": {"uv": [2, 0.1875, 1.6875, 0], "texture": "#0", "tintindex": 0},
				"down": {"uv": [2.3125, 0, 2, 0.1875], "texture": "#0", "tintindex": 0}
			}
		},
		{
			"from": [5.25, 8.24309, -4.34987],
			"to": [10.75, 10.24309, 1.15013],
			"rotation": {"angle": 45, "axis": "x", "origin": [8, 16.95962, -3.46101]},
			"faces": {
				"north": {"uv": [0.6875, 2.5625, 1.375, 2.8125], "texture": "#0", "tintindex": 0},
				"east": {"uv": [0, 2.5625, 0.6875, 2.8125], "texture": "#0", "tintindex": 0},
				"south": {"uv": [2.0625, 2.5625, 2.75, 2.8125], "texture": "#0", "tintindex": 0},
				"west": {"uv": [1.375, 2.5625, 2.0625, 2.8125], "texture": "#0", "tintindex": 0},
				"up": {"uv": [1.375, 2.5625, 0.6875, 1.875], "texture": "#0", "tintindex": 0},
				"down": {"uv": [2.0625, 1.875, 1.375, 2.5625], "texture": "#0", "tintindex": 0}
			}
		},
		{
			"from": [9.75, 17.24309, -6.34987],
			"to": [12.25, 19.74309, -4.34987],
			"rotation": {"angle": 45, "axis": "x", "origin": [8, 16.95962, -3.46101]},
			"faces": {
				"north": {"uv": [6.125, 7.4375, 6.4375, 7.75], "texture": "#0", "tintindex": 0},
				"east": {"uv": [5.875, 7.4375, 6.125, 7.75], "texture": "#0", "tintindex": 0},
				"south": {"uv": [6.6875, 7.4375, 7, 7.75], "texture": "#0", "tintindex": 0},
				"west": {"uv": [6.4375, 7.4375, 6.6875, 7.75], "texture": "#0", "tintindex": 0},
				"up": {"uv": [6.125, 7.1875, 6.4375, 7.4375], "rotation": 180, "texture": "#0", "tintindex": 0},
				"down": {"uv": [6.4375, 7.1875, 6.75, 7.4375], "texture": "#0", "tintindex": 0}
			}
		},
		{
			"from": [3.75, 17.24309, -6.34987],
			"to": [6.25, 19.74309, -4.34987],
			"rotation": {"angle": 45, "axis": "x", "origin": [8, 16.95962, -3.46101]},
			"faces": {
				"north": {"uv": [6.4375, 7.4375, 6.125, 7.75], "texture": "#0", "tintindex": 0},
				"east": {"uv": [6.6875, 7.4375, 6.4375, 7.75], "texture": "#0", "tintindex": 0},
				"south": {"uv": [7, 7.4375, 6.6875, 7.75], "texture": "#0", "tintindex": 0},
				"west": {"uv": [6.125, 7.4375, 5.875, 7.75], "texture": "#0", "tintindex": 0},
				"up": {"uv": [6.4375, 7.1875, 6.125, 7.4375], "rotation": 180, "texture": "#0", "tintindex": 0},
				"down": {"uv": [6.75, 7.1875, 6.4375, 7.4375], "texture": "#0", "tintindex": 0}
			}
		},
		{
			"from": [3.625, 4, 0],
			"to": [12.375, 12.75, 11.75],
			"rotation": {"angle": 0, "axis": "y", "origin": [3.625, 0, -4]},
			"faces": {
				"north": {"uv": [2.9375, 2.9375, 5.125, 5.125], "texture": "#0", "tintindex": 0},
				"east": {"uv": [0, 2.9375, 2.9375, 5.125], "texture": "#0", "tintindex": 0},
				"south": {"uv": [8.0625, 2.9375, 10.25, 5.125], "texture": "#0", "tintindex": 0},
				"west": {"uv": [5.125, 2.9375, 8.0625, 5.125], "texture": "#0", "tintindex": 0},
				"up": {"uv": [5.125, 2.9375, 2.9375, 0], "texture": "#0", "tintindex": 0},
				"down": {"uv": [7.3125, 0, 5.125, 2.9375], "texture": "#0", "tintindex": 0}
			}
		},
		{
			"from": [5.5, 5.5, 11.75],
			"to": [10.5, 10.5, 15],
			"rotation": {"angle": 0, "axis": "y", "origin": [3.625, 0, -4]},
			"faces": {
				"north": {"uv": [6.0625, 5.9375, 7.3125, 7.1875], "texture": "#0", "tintindex": 0},
				"east": {"uv": [5.25, 5.9375, 6.0625, 7.1875], "texture": "#0", "tintindex": 0},
				"south": {"uv": [8.125, 5.9375, 9.375, 7.1875], "texture": "#0", "tintindex": 0},
				"west": {"uv": [7.3125, 5.9375, 8.125, 7.1875], "texture": "#0", "tintindex": 0},
				"up": {"uv": [7.3125, 5.9375, 6.0625, 5.125], "texture": "#0", "tintindex": 0},
				"down": {"uv": [8.5625, 5.125, 7.3125, 5.9375], "texture": "#0", "tintindex": 0}
			}
		},
		{
			"from": [6.875, 6.75, 15],
			"to": [9.125, 9, 20],
			"rotation": {"angle": 0, "axis": "y", "origin": [3.625, 0, -4]},
			"faces": {
				"north": {"uv": [1.25, 9.25, 1.8125, 9.8125], "texture": "#0", "tintindex": 0},
				"east": {"uv": [0, 9.25, 1.25, 9.8125], "texture": "#0", "tintindex": 0},
				"south": {"uv": [3.0625, 9.25, 3.625, 9.8125], "texture": "#0", "tintindex": 0},
				"west": {"uv": [1.8125, 9.25, 3.0625, 9.8125], "texture": "#0", "tintindex": 0},
				"up": {"uv": [1.8125, 9.25, 1.25, 8], "texture": "#0", "tintindex": 0},
				"down": {"uv": [2.375, 8, 1.8125, 9.25], "texture": "#0", "tintindex": 0}
			}
		},
		{
			"from": [10.625, 0, 1.25],
			"to": [12.625, 5.5, 3.25],
			"rotation": {"angle": 0, "axis": "x", "origin": [11.75, 5.5, 2.25]},
			"faces": {
				"north": {"uv": [1.6, 4.8, 0.8, 7], "texture": "#1", "tintindex": 0},
				"east": {"uv": [2.4, 4.8, 1.6, 7], "texture": "#1", "tintindex": 0},
				"south": {"uv": [3.2, 4.8, 2.4, 7], "texture": "#1", "tintindex": 0},
				"west": {"uv": [0.8, 4.8, 0, 7], "texture": "#1", "tintindex": 0},
				"up": {"uv": [1.6, 4, 0.8, 4.8], "texture": "#1", "tintindex": 0},
				"down": {"uv": [2.4, 4, 1.6, 4.8], "texture": "#1", "tintindex": 0}
			}
		},
		{
			"from": [3.375, 0, 7.25],
			"to": [6.375, 7, 10.25],
			"rotation": {"angle": 0, "axis": "x", "origin": [5, 7, 8.75]},
			"faces": {
				"north": {"uv": [1.2, 1.2, 2.4, 4], "texture": "#1", "tintindex": 0},
				"east": {"uv": [0, 1.2, 1.2, 4], "texture": "#1", "tintindex": 0},
				"south": {"uv": [3.6, 1.2, 4.8, 4], "texture": "#1", "tintindex": 0},
				"west": {"uv": [2.4, 1.2, 3.6, 4], "texture": "#1", "tintindex": 0},
				"up": {"uv": [1.2, 0, 2.4, 1.2], "texture": "#1", "tintindex": 0},
				"down": {"uv": [2.4, 0, 3.6, 1.2], "texture": "#1", "tintindex": 0}
			}
		},
		{
			"from": [9.625, 0, 7.25],
			"to": [12.625, 7, 10.25],
			"rotation": {"angle": 0, "axis": "x", "origin": [11, 7, 8.75]},
			"faces": {
				"north": {"uv": [2.4, 1.2, 1.2, 4], "texture": "#1", "tintindex": 0},
				"east": {"uv": [3.6, 1.2, 2.4, 4], "texture": "#1", "tintindex": 0},
				"south": {"uv": [4.8, 1.2, 3.6, 4], "texture": "#1", "tintindex": 0},
				"west": {"uv": [1.2, 1.2, 0, 4], "texture": "#1", "tintindex": 0},
				"up": {"uv": [2.4, 0, 1.2, 1.2], "texture": "#1", "tintindex": 0},
				"down": {"uv": [3.6, 0, 2.4, 1.2], "texture": "#1", "tintindex": 0}
			}
		},
		{
			"from": [3.375, 0, 1.25],