{
	"texture_size": [32, 32],
	"textures": {
		"0": "dnd:entity/pachycephalosaurus",
		"1": "dnd:entity/pachycephalosaurus_walking"
	},
	"elements": [
		{
			"from": [6.75, 3.14286, -3.5],
			"to": [9.25, 6.14286, 0],
			"rotation": {"angle": 22.5, "axis": "x", "origin": [8, 4, 2.32179]},
			"faces": {
				"north": {"uv": [1.16667, 3.66667, 2, 4.66667], "texture": "#0", "tintindex": 0},
				"east": {"uv": [0, 3.66667, 1.16667, 4.66667], "texture": "#0", "tintindex": 0},
				"south": {"uv": [3.16667, 3.66667, 4, 4.66667], "texture": "#0", "tintindex": 0},
				"west": {"uv": [2, 3.66667, 3.16667, 4.66667], "texture": "#0", "tintindex": 0},
				"up": {"uv": [2, 3.66667, 1.16667, 2.5], "texture": "#0", "tintindex": 0},
				"down": {"uv": [2.83333, 2.5, 2, 3.66667], "texture": "#0", "tintindex": 0}
			}
		},
		{
			"from": [5, 7.81112, -0.47703],
			"to": [11, 15.81112, 6.52297],
			"rotation": {"angle": 22.5, "axis": "x", "origin": [8.52, 19.63196, -2.41566]},
			"faces": {
				"north": {"uv": [1.16667, 1.16667, 2.16667, 2.5], "texture": "#0", "tintindex": 0},
				"east": {"uv": [0, 1.16667, 1.16667, 2.5], "texture": "#0", "tintindex": 0},
				"south": {"uv": [3.33333, 1.16667, 4.33333, 2.5], "texture": "#0", "tintindex": 0},
				"west": {"uv": [2.16667, 1.16667, 3.33333, 2.5], "texture": "#0", "tintindex": 0},
				"up": {"uv": [2.16667, 1.16667, 1.16667, 0], "texture": "#0", "tintindex": 0},
				"down": {"uv": [3.16667, 0, 2.16667, 1.16667], "texture": "#0", "tintindex": 0}
			}
		},
		{
			"from": [6.5, 8.12304, -3.79048],
			"to": [9.5, 13.12304, -0.79048],
			"rotation": {"angle": 22.5, "axis": "x", "origin": [8, 19, -3.35643]},
			"faces": {
				"north": {"uv": [1.83333, 5.16667, 2.33333, 6], "texture": "#0", "tintindex": 0},
				"east": {"uv": [1.33333, 5.16667, 1.83333, 6], "texture": "#0", "tintindex": 0},
				"south": {"uv": [2.83333, 5.16667, 3.33333, 6], "texture": "#0", "tintindex": 0},
				"west": {"uv": [2.33333, 5.16667, 2.83333, 6], "texture": "#0", "tintindex": 0},
				"up": {"uv": [2.33333, 5.16667, 1.83333, 4.66667], "texture": "#0", "tintindex": 0},
				"down": {"uv": [2.83333, 4.66667, 2.33333, 5.16667], "texture": "#0", "tintindex": 0}
			}
		},
		{
			"from": [4, 12.57686, 1.43574],
			"to": [6.02, 14.59686, 3.45574],
			"rotation": {"angle": 22.5, "axis": "x", "origin": [8.51, 9.30115, -3.91069]},
			"faces": {
				"north": {"uv": [3.5, 0.33333, 3.83333, 0.66667], "texture": "#0", "tintindex": 0},
				"east": {"uv": [3.16667, 0.33333, 3.5, 0.66667], "texture": "#0", "tintindex": 0},
				"south": {"uv": [4.16667, 0.33333, 4.5, 0.66667], "texture": "#0", "tintindex": 0},
				"west": {"uv": [3.83333, 0.33333, 4.16667, 0.66667], "texture": "#0", "tintindex": 0},
				"up": {"uv": [3.83333, 0.33333, 3.5, 0], "texture": "#0", "tintindex": 0},
				"down": {"uv": [4.16667, 0, 3.83333, 0.33333], "texture": "#0", "tintindex": 0}
			}
		},
		{
			"from": [9.98, 12.57686, 1.43574],
			"to": [12, 14.59686, 3.45574],
			"shade": false,
			"rotation": {"angle": 22.5, "axis": "x", "origin": [7.49, 9.30115, -3.91069]},
			"faces": {
				"north": {"uv": [3.83333, 0.33333, 3.5, 0.66667], "texture": "#0", "tintindex": 0},
				"east": {"uv": [4.16667, 0.33333, 3.83333, 0.66667], "texture": "#0", "tintindex": 0},
				"south": {"uv": [4.5, 0.33333, 4.16667, 0.66667], "texture": "#0", "tintindex": 0},
				"west": {"uv": [3.5, 0.33333, 3.16667, 0.66667], "texture": "#0", "tintindex": 0},
				"up": {"uv": [3.5, 0.33333, 3.83333, 0], "texture": "#0", "tintindex": 0},
				"down": {"uv": [3.83333, 0, 4.16667, 0.33333], "texture": "#0", "tintindex": 0}
			}
		},
		{
			"from": [5.75, 1.64286, 0],
			"to": [10.25, 7.14286, 11.05],
			"rotation": {"angle": 22.5, "axis": "x", "origin": [8, 4, 2.32179]},
			"faces": {
				"north": {"uv": [3.66667, 12, 5.16667, 13.83333], "texture": "#0", "tintindex": 0},
				"east": {"uv": [0, 12, 3.66667, 13.83333], "texture": "#0", "tintindex": 0},
				"south": {"uv": [8.83333, 12, 10.33333, 13.83333], "texture": "#0", "tintindex": 0},
				"west": {"uv": [5.16667, 12, 8.83333, 13.83333], "texture": "#0", "tintindex": 0},
				"up": {"uv": [5.16667, 12, 3.66667, 8.33333], "texture": "#0", "tintindex": 0},
				"down": {"uv": [6.66667, 8.33333, 5.16667, 12], "texture": "#0", "tintindex": 0}
			}
		},
		{
			"from": [6.75, 0.24151, -2.07758],
			"to": [9.25, 3.74151, 19.47242],
			"rotation": {"angle": 22.5, "axis": "x", "origin": [7, -30.19907, 1.7942]},
			"faces": {
				"north": {"uv": [7.16667, 7.16667, 8, 8.33333], "texture": "#0", "tintindex": 0},
				"east": {"uv": [0, 7.16667, 7.16667, 8.33333], "texture": "#0", "tintindex": 0},
				"south": {"uv": [15.16667, 7.16667, 16, 8.33333], "texture": "#0", "tintindex": 0},
				"west": {"uv": [8, 7.16667, 15.16667, 8.33333], "texture": "#0", "tintindex": 0},
				"up": {"uv": [8, 7.16667, 7.16667, 0], "texture": "#0", "tintindex": 0},
				"down": {"uv": [8.83333, 0, 8, 7.16667], "texture": "#0", "tintindex": 0}
			}
		},
		{
			"from": [8.75, -3.62231, 5.58334],
			"to": [10.75, 2.37769, 7.58334],
			"rotation": {"angle": 22.5, "axis": "x", "origin": [10, 2.07007, 6.55051]},
			"faces": {
				"north": {"uv": [4, 2, 2, 8], "texture": "#1", "tintindex": 0},
				"east": {"uv": [6, 2, 4, 8], "texture": "#1", "tintindex": 0},
				"south": {"uv": [8, 2, 6, 8], "texture": "#1", "tintindex": 0},
				"west": {"uv": [2, 2, 0, 8], "texture": "#1", "tintindex": 0},
				"up": {"uv": [2, 2, 4, 0], "texture": "#1", "tintindex": 0},
				"down": {"uv": [4, 0, 6, 2], "texture": "#1", "tintindex": 0}
			}
		},
		{
			"from": [5.25, -3.62231, 5.58334],
			"to": [7.25, 2.37769, 7.58334],
			"rotation": {"angle": 22.5, "axis": "x", "origin": [6, 2.07007, 6.55051]},
			"faces": {
				"north": {"uv": [2, 2, 4, 8], "texture": "#1", "tintindex": 0},
				"east": {"uv": [0, 2, 2, 8], "texture": "#1", "tintindex": 0},
				"south": {"uv": [6, 2, 8, 8], "texture": "#1", "tintindex": 0},
				"west": {"uv": [4, 2, 6, 8], "texture": "#1", "tintindex": 0},
				"up": {"uv": [4, 2, 2, 0], "texture": "#1", "tintindex": 0},
				"down": {"uv": [6, 0, 4, 2], "texture": "#1", "tintindex": 0}
			}
		},
		{
			"from": [8.75, -3.62231, 5.58334],
			"to": [10.75, 2.37769, 7.58334],
			"rotation": {"angle": 0, "axis": "x", "origin": [10, 2.07007, 6.55051]},
			"faces": {
				"north": {"uv": [12, 2, 10, 8], "texture": "#1", "tintindex": 0},
				"east": {"uv": [14, 2, 12, 8], "texture": "#1", "tintindex": 0},
				"south": {"uv": [16, 2, 14, 8], "texture": "#1", "tintindex": 0},
				"west": {"uv": [10, 2, 8, 8], "texture": "#1", "tintindex": 0},
				"up": {"uv": [10, 2, 12, 0], "texture": "#1", "tintindex": 0},
				"down": {"uv": [12, 0, 14, 2], "texture": "#1", "tintindex": 0}
			}
		},
		{
			"from": [5.25, -3.62231, 5.58334],
			"to": [7.25, 2.37769, 7.58334],
			"rotation": {"angle": 45, "axis": "x", "origin": [6, 2.07007, 6.55051]},
			"faces": {
				"north": {"uv": [10, 2, 12, 8], "texture": "#1", "tintindex": 0},
				"east": {"uv": [8, 2, 10, 8], "texture": "#1", "tintindex": 0},
				"south": {"uv": [14, 2, 16, 8], "texture": "#1", "tintindex": 0},
				"west": {"uv": [12, 2, 14, 8], "texture": "#1", "tintindex": 0},
				"up": {"uv": [12, 2, 10, 0], "texture": "#1", "tintindex": 0},
				"down": {"uv": [14, 0, 12, 2], "texture": "#1", "tintindex": 0}
			}
		},
		{
			"from": [8.75, -3.62231, 5.58334],
			"to": [10.75, 2.37769, 7.58334],
			"rotation": {"angle": 45, "axis": "x", "origin": [10, 2.07007, 6.55051]},
			"faces": {
				"north": {"uv": [4, 10, 2, 16], "texture": "#1", "tintindex": 0},
				"east": {"uv": [6, 10, 4, 16], "texture": "#1", "tintindex": 0},
				"south": {"uv": [8, 10, 6, 16], "texture": "#1", "tintindex": 0},
				"west": {"uv": [2, 10, 0, 16], "texture": "#1", "tintindex": 0},
				"up": {"uv": [2, 10, 4, 8], "texture": "#1", "tintindex": 0},
				"down": {"uv": [4, 8, 6, 10], "texture": "#1", "tintindex": 0}
			}
		},
		{
			"from": [5.25, -3.62231, 5.58334],
			"to": [7.25, 2.37769, 7.58334],