{
	"texture_size": [224, 176],
	"textures": {
		"0": "dnd:entity/tyrannosaurus"
	},
	"elements": [
		{
			"from": [6.625, 2.32006, 1.55792],
			"to": [9.375, 6.82006, 5.55792],
			"rotation": {"angle": 22.5, "axis": "x", "origin": [8, 17.9087, 12.19743]},
			"faces": {
				"north": {"uv": [8.85714, 12.81818, 9.64286, 14.45455], "texture": "#0", "tintindex": 0},
				"east": {"uv": [7.71429, 12.81818, 8.85714, 14.45455], "texture": "#0", "tintindex": 0},
				"south": {"uv": [10.78571, 12.81818, 11.57143, 14.45455], "texture": "#0", "tintindex": 0},
				"west": {"uv": [9.64286, 12.81818, 10.78571, 14.45455], "texture": "#0", "tintindex": 0},
				"up": {"uv": [9.64286, 12.81818, 8.85714, 11.36364], "texture": "#0", "tintindex": 0},
				"down": {"uv": [10.42857, 11.36364, 9.64286, 12.81818], "texture": "#0", "tintindex": 0}
			}
		},
		{
			"from": [4.25, 8.99269, -2.33626],
			"to": [11.75, 18.99269, 4.66374],
			"rotation": {"angle": 22.5, "axis": "x", "origin": [8, 18.50471, -1.03579]},
			"faces": {
				"north": {"uv": [12.57143, 12.54545, 13.64286, 14.36364], "texture": "#0", "tintindex": 0},
				"east": {"uv": [11.57143, 12.54545, 12.57143, 14.36364], "texture": "#0", "tintindex": 0},
				"south": {"uv": [14.64286, 12.54545, 15.71429, 14.36364], "texture": "#0", "tintindex": 0},
				"west": {"uv": [13.64286, 12.54545, 14.64286, 14.36364], "texture": "#0", "tintindex": 0},
				"up": {"uv": [13.64286, 12.54545, 12.57143, 11.27273], "texture": "#0", "tintindex": 0},
				"down": {"uv": [14.71429, 11.27273, 13.64286, 12.54545], "texture": "#0", "tintindex": 0}
			}
		},
		{
			"name": "top_jaw",
			"from": [4.74, 12.98269, -9.84626],
			"to": [11.26, 18.00269, -2.32626],
			"rotation": {"angle": 22.5, "axis": "x", "origin": [8, 18.50471, -1.03579]},
			"faces": {
				"north": {"uv": [1.07143, 13.81818, 2, 14.72727], "texture": "#0", "tintindex": 0},
				"east": {"uv": [0, 13.81818, 1.07143, 14.72727], "texture": "#0", "tintindex": 0},
				"south": {"uv": [3.07143, 13.81818, 4, 14.72727], "texture": "#0", "tintindex": 0},
				"west": {"uv": [2, 13.81818, 3.07143, 14.72727], "texture": "#0", "tintindex": 0},
				"up": {"uv": [2, 13.81818, 1.07143, 12.45455], "texture": "#0", "tintindex": 0}
			}
		},
		{
			"name": "top_mouth",
			"from": [4.74, 13.98269, -9.84626],
			"to": [11.26, 13.99269, -2.32626],
			"rotation": {"angle": 22.5, "axis": "x", "origin": [8, 18.50471, -1.03579]},
			"faces": {
				"down": {"uv": [2.92857, 12.45455, 2, 13.81818], "texture": "#0", "tintindex": 0}
			}
		},
		{
			"name": "top_teeth",
			"from": [5.245, 12.98769, -9.34126],
			"to": [10.755, 13.99769, -2.83126],
			"rotation": {"angle": 22.5, "axis": "x", "origin": [8, 18.50471, -1.03579]},
			"faces": {
				"north": {"uv": [0.92857, 15.81818, 1.71429, 16], "texture": "#0", "tintindex": 0},
				"east": {"uv": [0, 15.81818, 0.92857, 16], "texture": "#0", "tintindex": 0},
				"west": {"uv": [1.71429, 15.81818, 2.64286, 16], "texture": "#0", "tintindex": 0}
			}
		},
		{
			"name": "bottom_mouth",
			"from": [5.25, 13.49269, -9.83626],
			"to": [10.75, 13.49269, -2.33626],
			"rotation": {"angle": 22.5, "axis": "x", "origin": [8, 18.50471, -1.03579]},
			"faces": {
				"up": {"uv": [5.85714, 13.81818, 5.07143, 12.45455], "texture": "#0", "tintindex": 0}
			}
		},
		{
			"name": "bottom_jaw",
			"from": [5.25, 9.99269, -9.83626],
			"to": [10.75, 14.49269, -2.33626],
			"rotation": {"angle": 22.5, "axis": "x", "origin": [8, 18.50471, -1.03579]},
			"faces": {
				"north": {"uv": [5.07143, 13.81818, 5.85714, 14.63636], "texture": "#0", "tintindex": 0},
				"east": {"uv": [4, 13.81818, 5.07143, 14.63636], "texture": "#0", "tintindex": 0},
				"south": {"uv": [6.92857, 13.81818, 7.71429, 14.63636], "texture": "#0", "tintindex": 0},
				"west": {"uv": [5.85714, 13.81818, 6.92857, 14.63636], "texture": "#0", "tintindex": 0},
				"down": {"uv": [6.64286, 12.45455, 5.85714, 13.81818], "texture": "#0", "tintindex": 0}
			}
		},
		{
			"name": "bottom_teeth",
			"from": [5.75, 13.49269, -9.33626],
			"to": [10.25, 14.49269, -2.83626],
			"rotation": {"angle": 22.5, "axis": "x", "origin": [8, 18.50471, -1.03579]},
			"faces": {
				"north": {"uv": [4.35714, 15.81818, 5, 16], "texture": "#0", "tintindex": 0},
				"east": {"uv": [3.42857, 15.81818, 4.35714, 16], "texture": "#0", "tintindex": 0},
				"west": {"uv": [5, 15.81818, 5.92857, 16], "texture": "#0", "tintindex": 0}
			}
		},
		{
			"from": [3.86736, -0.50131, 7.14165],
			"to": [7.11736, 6.49869, 12.89165],
			"rotation": {"angle": 22.5, "axis": "x", "origin": [7.99618, 5.66302, 9.94809]},
			"faces": {
				"north": {"uv": [1.64286, 9.90909, 2.57143, 12.45455], "texture": "#0", "tintindex": 0},
				"east": {"uv": [0, 9.90909, 1.64286, 12.45455], "texture": "#0", "tintindex": 0},
				"south": {"uv": [4.21429, 9.90909, 5.14286, 12.45455], "texture": "#0", "tintindex": 0},
				"west": {"uv": [2.57143, 9.90909, 4.21429, 12.45455], "texture": "#0", "tintindex": 0},
				"up": {"uv": [2.57143, 9.90909, 1.64286, 7.81818], "texture": "#0", "tintindex": 0},
				"down": {"uv": [3.5, 7.81818, 2.57143, 9.90909], "texture": "#0", "tintindex": 0}
			}
		},
		{
			"from": [8.86736, -0.50131, 7.14165],
			"to": [12.11736, 6.49869, 12.89165],
			"shade": false,
			"rotation": {"angle": 22.5, "axis": "x", "origin": [7.99618, 5.66302, 9.94809]},
			"faces": {
				"north": {"uv": [2.57143, 9.90909, 1.64286, 12.45455], "texture": "#0", "tintindex": 0},
				"east": {"uv": [4.21429, 9.90909, 2.57143, 12.45455], "texture": "#0", "tintindex": 0},
				"south": {"uv": [5.14286, 9.90909, 4.21429, 12.45455], "texture": "#0", "tintindex": 0},
				"west": {"uv": [1.64286, 9.90909, 0, 12.45455], "texture": "#0", "tintindex": 0},
				"up": {"uv": [1.64286, 9.90909, 2.57143, 7.81818], "texture": "#0", "tintindex": 0},
				"down": {"uv": [2.57143, 7.81818, 3.5, 9.90909], "texture": "#0", "tintindex": 0}
			}
		},
		{
			"from": [4.625, -6.00131, 11.64165],
			"to": [6.375, 2.49869, 13.39165],
			"rotation": {"angle": 22.5, "axis": "x", "origin": [7.99618, 5.66302, 9.94809]},
			"faces": {
				"north": {"uv": [2.35714, 1.81818, 2.85714, 4.90909], "texture": "#0", "tintindex": 0},
				"east": {"uv": [1.85714, 1.81818, 2.35714, 4.90909], "texture": "#0", "tintindex": 0},
				"south": {"uv": [3.35714, 1.81818, 3.85714, 4.90909], "texture": "#0", "tintindex": 0},
				"west": {"uv": [2.85714, 1.81818, 3.35714, 4.90909], "texture": "#0", "tintindex": 0},
				"up": {"uv": [2.85714, 1.81818, 2.35714, 1.18182], "texture": "#0", "tintindex": 0},
				"down": {"uv": [3.35714, 1.18182, 2.85714, 1.81818], "texture": "#0", "tintindex": 0}
			}
		},
		{
			"from": [9.625, -6.00131, 11.64165],
			"to": [11.375, 2.49869, 13.39165],
			"shade": false,
			"rotation": {"angle": 22.5, "axis": "x", "origin": [7.99618, 5.66302, 9.94809]},
			"faces": {
				"north": {"uv": [2.85714, 1.81818, 2.35714, 4.90909], "texture": "#0", "tintindex": 0},
				"east": {"uv": [3.35714, 1.81818, 2.85714, 4.90909], "texture": "#0", "tintindex": 0},
				"south": {"uv": [3.85714, 1.81818, 3.35714, 4.90909], "texture": "#0", "tintindex": 0},
				"west": {"uv": [2.35714, 1.81818, 1.85714, 4.90909], "texture": "#0", "tintindex": 0},
				"up": {"uv": [2.35714, 1.81818, 2.85714, 1.18182], "texture": "#0", "tintindex": 0},
				"down": {"uv": [2.85714, 1.18182, 3.35714, 1.81818], "texture": "#0", "tintindex": 0}
			}
		},
		{
			"from": [4.625, -6.00131, 9.89165],
			"to": [6.375, -4.75131, 11.64165],
			"rotation": {"angle": 22.5, "axis": "x", "origin": [7.99618, 5.66302, 9.94809]},
			"faces": {
				"north": {"uv": [2.35714, 0.63636, 2.85714, 1.09091], "texture": "#0", "tintindex": 0},
				"east": {"uv": [1.85714, 0.63636, 2.35714, 1.09091], "texture": "#0", "tintindex": 0},
				"south": {"uv": [3.35714, 0.63636, 3.85714, 1.09091], "texture": "#0", "tintindex": 0},
				"west": {"uv": [2.85714, 0.63636, 3.35714, 1.09091], "texture": "#0", "tintindex": 0},
				"up": {"uv": [2.85714, 0.63636, 2.35714, 0],