{
	"texture_size": [128, 128],
	"textures": {
		"0": "dnd:entity/gallimimus"
	},
	"elements": [
		{
			"from": [5.49914, 3.5, 0.25],
			"to": [10.49914, 10, 14.25],
			"rotation": {"angle": 22.5, "axis": "x", "origin": [8, 3.10294, 8.54412]},
			"faces": {
				"north": {"uv": [3.5, 3.5, 4.75, 5.125], "texture": "#0", "tintindex": 0},
				"east": {"uv": [0, 3.5, 3.5, 5.125], "texture": "#0", "tintindex": 0},
				"south": {"uv": [8.25, 3.5, 9.5, 5.125], "texture": "#0", "tintindex": 0},
				"west": {"uv": [4.75, 3.5, 8.25, 5.125], "texture": "#0", "tintindex": 0},
				"up": {"uv": [4.75, 3.5, 3.5, 0], "texture": "#0", "tintindex": 0},
				"down": {"uv": [6, 0, 4.75, 3.5], "texture": "#0", "tintindex": 0}
			}
		},
		{
			"from": [6.49914, 3.8582, 8.50975],
			"to": [9.49913, 8.3582, 17.00975],
			"rotation": {"angle": 22.5, "axis": "x", "origin": [8, -11.89706, 8.54412]},
			"faces": {
				"north": {"uv": [6.125, 7.25, 6.875, 8.375], "texture": "#0", "tintindex": 0},
				"east": {"uv": [4, 7.25, 6.125, 8.375], "texture": "#0", "tintindex": 0},
				"south": {"uv": [9, 7.25, 9.75, 8.375], "texture": "#0", "tintindex": 0},
				"west": {"uv": [6.875, 7.25, 9, 8.375], "texture": "#0", "tintindex": 0},
				"up": {"uv": [6.875, 7.25, 6.125, 5.125], "texture": "#0", "tintindex": 0},
				"down": {"uv": [7.625, 5.125, 6.875, 7.25], "texture": "#0", "tintindex": 0}
			}
		},
		{
			"from": [7.24914, 2.38428, 4.57254],
			"to": [8.74913, 5.38428, 17.57254],
			"rotation": {"angle": 22.5, "axis": "x", "origin": [8, -44.39706, 8.54412]},
			"faces": {
				"north": {"uv": [3.25, 8.375, 3.625, 9.125], "texture": "#0", "tintindex": 0},
				"east": {"uv": [0, 8.375, 3.25, 9.125], "texture": "#0", "tintindex": 0},
				"south": {"uv": [6.875, 8.375, 7.25, 9.125], "texture": "#0", "tintindex": 0},
				"west": {"uv": [3.625, 8.375, 6.875, 9.125], "texture": "#0", "tintindex": 0},
				"up": {"uv": [3.625, 8.375, 3.25, 5.125], "texture": "#0", "tintindex": 0},
				"down": {"uv": [4, 5.125, 3.625, 8.375], "texture": "#0", "tintindex": 0}
			}
		},
		{
			"from": [6.99914, -0.5426, 0.81715],
			"to": [8.99913, 1.45741, 7.81715],
			"rotation": {"angle": 22.5, "axis": "x", "origin": [8, 18.10294, 32.54412]},
			"faces": {
				"north": {"uv": [9.5, 5.125, 10, 5.625], "texture": "#0", "tintindex": 0},
				"east": {"uv": [7.75, 5.125, 9.5, 5.625], "texture": "#0", "tintindex": 0},
				"south": {"uv": [11.75, 5.125, 12.25, 5.625], "texture": "#0", "tintindex": 0},
				"west": {"uv": [10, 5.125, 11.75, 5.625], "texture": "#0", "tintindex": 0},
				"up": {"uv": [10, 5.125, 9.5, 3.375], "texture": "#0", "tintindex": 0},
				"down": {"uv": [10.5, 3.375, 10, 5.125], "texture": "#0", "tintindex": 0}
			}
		},
		{
			"from": [6.99914, 1.45741, 0.81715],
			"to": [8.99913, 4.4574, 2.81715],
			"rotation": {"angle": 22.5, "axis": "x", "origin": [8, 18.10294, 32.54412]},
			"faces": {
				"north": {"uv": [9.125, 0.5, 9.625, 1.25], "texture": "#0", "tintindex": 0},
				"east": {"uv": [8.625, 0.5, 9.125, 1.25], "texture": "#0", "tintindex": 0},
				"south": {"uv": [10.125, 0.5, 10.625, 1.25], "texture": "#0", "tintindex": 0},
				"west": {"uv": [9.625, 0.5, 10.125, 1.25], "texture": "#0", "tintindex": 0},
				"up": {"uv": [9.625, 0.5, 9.125, 0], "texture": "#0", "tintindex": 0},
				"down": {"uv": [10.125, 0, 9.625, 0.5], "texture": "#0", "tintindex": 0}
			}
		},
		{
			"from": [6, -3.43708, 5.05144],
			"to": [10, 1.56292, 11.05144],
			"rotation": {"angle": 22.5, "axis": "x", "origin": [8.00173, 34.85399, 56.50539]},
			"faces": {
				"north": {"uv": [0.75, 5.875, 1.25, 6.5], "texture": "#0", "tintindex": 0},
				"east": {"uv": [0, 5.875, 0.75, 6.5], "texture": "#0", "tintindex": 0},
				"south": {"uv": [2, 5.875, 2.5, 6.5], "texture": "#0", "tintindex": 0},
				"west": {"uv": [1.25, 5.875, 2, 6.5], "texture": "#0", "tintindex": 0},
				"up": {"uv": [1.25, 5.875, 0.75, 5.125], "texture": "#0", "tintindex": 0},
				"down": {"uv": [1.75, 5.125, 1.25, 5.875], "texture": "#0", "tintindex": 0}
			}
		},
		{
			"from": [6, -2.43708, -0.94856],
			"to": [10, 1.56292, 5.05144],
			"rotation": {"angle": 22.5, "axis": "x", "origin": [8.00173, 34.85399, 56.50539]},
			"faces": {
				"north": {"uv": [0.75, 7.25, 1.25, 7.75], "texture": "#0", "tintindex": 0},
				"east": {"uv": [0, 7.25, 0.75, 7.75], "texture": "#0", "tintindex": 0},
				"south": {"uv": [2, 7.25, 2.5, 7.75], "texture": "#0", "tintindex": 0},
				"west": {"uv": [1.25, 7.25, 2, 7.75], "texture": "#0", "tintindex": 0},
				"up": {"uv": [1.25, 7.25, 0.75, 6.5], "texture": "#0", "tintindex": 0},
				"down": {"uv": [1.75, 6.5, 1.25, 7.25], "texture": "#0", "tintindex": 0}
			}
		},
		{
			"from": [4.49914, 1, 7.75],
			"to": [6.99914, 7.5, 13.25],
			"rotation": {"angle": 22.5, "axis": "x", "origin": [8, 3.10294, 8.54412]},
			"faces": {
				"north": {"uv": [7.375, 1.375, 8, 3], "texture": "#0", "tintindex": 0},
				"east": {"uv": [6, 1.375, 7.375, 3], "texture": "#0", "tintindex": 0},
				"south": {"uv": [9.375, 1.375, 10, 3], "texture": "#0", "tintindex": 0},
				"west": {"uv": [8, 1.375, 9.375, 3], "texture": "#0", "tintindex": 0},
				"up": {"uv": [8, 1.375, 7.375, 0], "texture": "#0", "tintindex": 0},
				"down": {"uv": [8.625, 0, 8, 1.375], "texture": "#0", "tintindex": 0}
			}
		},
		{
			"from": [9.00208, 1, 7.75],
			"to": [11.50208, 7.5, 13.25],
			"shade": false,
			"rotation": {"angle": 22.5, "axis": "x", "origin": [8, 3.10294, 8.54412]},
			"faces": {
				"north": {"uv": [8, 1.375, 7.375, 3], "texture": "#0", "tintindex": 0},
				"east": {"uv": [9.375, 1.375, 8, 3], "texture": "#0", "tintindex": 0},
				"south": {"uv": [10, 1.375, 9.375, 3], "texture": "#0", "tintindex": 0},
				"west": {"uv": [7.375, 1.375, 6, 3], "texture": "#0", "tintindex": 0},
				"up": {"uv": [7.375, 1.375, 8, 0], "texture": "#0", "tintindex": 0},
				"down": {"uv": [8, 0, 8.625, 1.375], "texture": "#0", "tintindex": 0}
			}
		},
		{
			"from": [5.48664, -0.5, 2.75],
			"to": [5.48664, 5, 5.25],
			"rotation": {"angle": 22.5, "axis": "x", "origin": [8, 3.10294, 8.54412]},
			"faces": {
				"north": {"uv": [4.625, 5.125, 4.625, 6.5], "texture": "#0", "tintindex": 0},
				"east": {"uv": [4, 5.125, 4.625, 6.5], "texture": "#0", "tintindex": 0},
				"south": {"uv": [5.25, 5.125, 5.25, 6.5], "texture": "#0", "tintindex": 0},
				"west": {"uv": [4.625, 5.125, 5.25, 6.5], "texture": "#0", "tintindex": 0},
				"up": {"uv": [4.625, 5.125, 4.625, 4.5], "texture": "#0", "tintindex": 0},
				"down": {"uv": [4.625, 4.5, 4.625, 5.125], "texture": "#0", "tintindex": 0}
			}
		},
		{
			"from": [10.51458, -0.5, 2.75],
			"to": [10.51458, 5, 5.25],
			"shade": false,
			"rotation": {"angle": 22.5, "axis": "x", "origin": [8, 3.10294, 8.54412]},
			"faces": {
				"north": {"uv": [4.625, 5.125, 4.625, 6.5], "texture": "#0", "tintindex": 0},
				"east": {"uv": [5.25, 5.125, 4.625, 6.5], "texture": "#0", "tintindex": 0},
				"south": {"uv": [5.25, 5.125, 5.25, 6.5], "texture": "#0", "tintindex": 0},
				"west": {"uv": [4.625, 5.125, 4, 6.5], "texture": "#0", "tintindex": 0},
				"up": {"uv": [4.625, 5.125, 4.625, 4.5], "texture": "#0", "tintindex": 0},
				"down": {"uv": [4.625, 4.5, 4.625, 5.125], "texture": "#0", "tintindex": 0}
			}
		},
		{
			"from": [4.98663, -1, 1.25],
			"to": [5.98664, 5, 2.75],
			"rotation": {"angle": 22.5, "axis": "x", "origin": [8, 3.10294, 8.54412]},
			"faces": {
				"north": {"uv": [2.125, 0.375, 2.375, 1.875], "texture": "#0", "tintindex": 0},
				"east": {"uv": [1.75, 0.375, 2.125, 1.875], "texture": "#0", "tintindex": 0},
				"south": {"uv": [2.75, 0.375, 3, 1.875], "texture": "#0", "tintindex": 0},
				"west": {"uv": [2.375, 0.375, 2.75, 1.875], "texture": "#0", "tintindex": 0},
				"up": {"uv": [2.375, 0.375, 2.125, 0], "texture": "#0", "tintindex": 0},
				"down": {"uv": [2.625, 0, 2.375, 0.375], "texture": "#0", "tintindex": 0}
			}
		},
		{
			"from": [10.01458, -1, 1.25],
			"to": [11.01458, 5, 2.75],
			"shade": false,